Movie Title,Category,Release Year,IMDB Rating,Rating Vote Count,Runtime Minutes,Rated,Movie Genre,Movie Plot,Title Image
The Shawshank Redemption,Movie,1994,9.3,2927952,142.0,R,['Drama'],"A Maine banker convicted of the murder of his wife and her lover in 1947 gradually forms a friendship over a quarter century with a hardened convict, while maintaining his innocence and trying to remain hopeful through simple compassion.",https://m.media-amazon.com/images/M/MV5BNDE3ODcxYzMtY2YzZC00NmNlLWJiNDMtZDViZWM2MzIxZDYwXkEyXkFqcGdeQXVyNjAwNDUxODI@._V1_.jpg
The Godfather,Movie,1972,9.2,2040434,175.0,R,"['Crime', 'Drama']","Don Vito Corleone, head of a mafia family, decides to hand over his empire to his youngest son, Michael. However, his decision unintentionally puts the lives of his loved ones in grave danger.",https://m.media-amazon.com/images/M/MV5BM2MyNjYxNmUtYTAwNi00MTYxLWJmNWYtYzZlODY3ZTk3OTFlXkEyXkFqcGdeQXVyNzkwMjQ5NzM@._V1_.jpg
The Dark Knight,Movie,2008,9.0,2908515,152.0,PG-13,"['Action', 'Crime', 'Drama']","When the menace known as the Joker wreaks havoc and chaos on the people of Gotham, Batman, James Gordon and Harvey Dent must work together to put an end to the madness.",https://m.media-amazon.com/images/M/MV5BMTMxNTMwODM0NF5BMl5BanBnXkFtZTcwODAyMTk2Mw@@._V1_.jpg
The Godfather Part II,Movie,1974,9.0,1380084,202.0,R,"['Crime', 'Drama']","The early life and career of Vito Corleone in 1920s New York City is portrayed, while his son, Michael, expands and tightens his grip on the family crime syndicate.",https://m.media-amazon.com/images/M/MV5BMWMwMGQzZTItY2JlNC00OWZiLWIyMDctNDk2ZDQ2YjRjMWQ0XkEyXkFqcGdeQXVyNzkwMjQ5NzM@._V1_.jpg
12 Angry Men,Movie,1957,9.0,878764,96.0,Approved,"['Crime', 'Drama']",The jury in a New York City murder trial is frustrated by a single member whose skeptical caution forces them to more carefully consider the evidence before jumping to a hasty verdict.,https://m.media-amazon.com/images/M/MV5BMWU4N2FjNzYtNTVkNC00NzQ0LTg0MjAtYTJlMjFhNGUxZDFmXkEyXkFqcGdeQXVyNjc1NTYyMjg@._V1_.jpg
Schindler's List,Movie,1993,9.0,1468611,195.0,R,"['Biography', 'Drama', 'History']","In German-occupied Poland during World War II, industrialist Oskar Schindler gradually becomes concerned for his Jewish workforce after witnessing their persecution by the Nazis.",https://m.media-amazon.com/images/M/MV5BNDE4OTMxMTctNmRhYy00NWE2LTg3YzItYTk3M2UwOTU5Njg4XkEyXkFqcGdeQXVyNjU0OTQ0OTY@._V1_.jpg
The Lord of the Rings: The Return of the King,Movie,2003,9.0,2003380,201.0,PG-13,"['Action', 'Adventure', 'Drama']",Gandalf and Aragorn lead the World of Men against Sauron's army to draw his gaze from Frodo and Sam as they approach Mount Doom with the One Ring.,https://m.media-amazon.com/images/M/MV5BNzA5ZDNlZWMtM2NhNS00NDJjLTk4NDItYTRmY2EwMWZlMTY3XkEyXkFqcGdeQXVyNzkwMjQ5NzM@._V1_.jpg
Pulp Fiction,Movie,1994,8.9,2248857,154.0,R,"['Crime', 'Drama']","The lives of two mob hitmen, a boxer, a gangster and his wife, and a pair of diner bandits intertwine in four tales of violence and redemption.",https://m.media-amazon.com/images/M/MV5BNGNhMDIzZTUtNTBlZi00MTRlLWFjM2ItYzViMjE3YzI5MjljXkEyXkFqcGdeQXVyNzkwMjQ5NzM@._V1_.jpg
The Lord of the Rings: The Fellowship of the Ring,Movie,2001,8.9,2032175,178.0,PG-13,"['Action', 'Adventure', 'Drama']",A meek Hobbit from the Shire and eight companions set out on a journey to destroy the powerful One Ring and save Middle-earth from the Dark Lord Sauron.,https://m.media-amazon.com/images/M/MV5BN2EyZjM3NzUtNWUzMi00MTgxLWI0NTctMzY4M2VlOTdjZWRiXkEyXkFqcGdeQXVyNDUzOTQ5MjY@._V1_.jpg
"Il buono, il brutto, il cattivo",Movie,1966,8.8,820474,161.0,R,"['Adventure', 'Drama', 'Western']",A bounty hunting scam joins two men in an uneasy alliance against a third in a race to find a fortune in gold buried in a remote cemetery.,https://m.media-amazon.com/images/M/MV5BNjJlYmNkZGItM2NhYy00MjlmLTk5NmQtNjg1NmM2ODU4OTMwXkEyXkFqcGdeQXVyMjUzOTY1NTc@._V1_.jpg
Forrest Gump,Movie,1994,8.8,2289600,142.0,PG-13,"['Drama', 'Romance']","The history of the United States from the 1950s to the '70s unfolds from the perspective of an Alabama man with an IQ of 75, who yearns to be reunited with his childhood sweetheart.",https://m.media-amazon.com/images/M/MV5BNWIwODRlZTUtY2U3ZS00Yzg1LWJhNzYtMmZiYmEyNmU1NjMzXkEyXkFqcGdeQXVyMTQxNzMzNDI@._V1_.jpg
The Lord of the Rings: The Two Towers,Movie,2002,8.8,1806370,179.0,PG-13,"['Action', 'Adventure', 'Drama']","While Frodo and Sam edge closer to Mordor with the help of the shifty Gollum, the divided fellowship makes a stand against Sauron's new ally, Saruman, and his hordes of Isengard.",https://m.media-amazon.com/images/M/MV5BZGMxZTdjZmYtMmE2Ni00ZTdkLWI5NTgtNjlmMjBiNzU2MmI5XkEyXkFqcGdeQXVyNjU0OTQ0OTY@._V1_.jpg
Fight Club,Movie,1999,8.8,2359532,139.0,R,['Drama'],An insomniac office worker and a devil-may-care soap maker form an underground fight club that evolves into much more.,https://m.media-amazon.com/images/M/MV5BMmEzNTkxYjQtZTc0MC00YTVjLTg5ZTEtZWMwOWVlYzY0NWIwXkEyXkFqcGdeQXVyNzkwMjQ5NzM@._V1_.jpg
Inception,Movie,2010,8.8,2582711,148.0,PG-13,"['Action', 'Adventure', 'Sci-Fi']","A thief who steals corporate secrets through the use of dream-sharing technology is given the inverse task of planting an idea into the mind of a C.E.O., but his tragic past may doom the project and his team to disaster.",https://m.media-amazon.com/images/M/MV5BMjAxMzY3NjcxNF5BMl5BanBnXkFtZTcwNTI5OTM0Mw@@._V1_.jpg
Star Wars: Episode V - The Empire Strikes Back,Movie,1980,8.7,1395874,124.0,PG,"['Action', 'Adventure', 'Fantasy']","After the Empire overpowers the Rebel Alliance, Luke Skywalker begins his Jedi training with Yoda. At the same time, Darth Vader and bounty hunter Boba Fett pursue his friends across the galaxy.",https://m.media-amazon.com/images/M/MV5BYmU1NDRjNDgtMzhiMi00NjZmLTg5NGItZDNiZjU5NTU4OTE0XkEyXkFqcGdeQXVyNzkwMjQ5NzM@._V1_.jpg
The Matrix,Movie,1999,8.7,2079512,136.0,R,"['Action', 'Sci-Fi']","When a beautiful stranger leads computer hacker Neo to a forbidding underworld, he discovers the shocking truth--the life he knows is the elaborate deception of an evil cyber-intelligence.",https://m.media-amazon.com/images/M/MV5BNzQzOTk3OTAtNDQ0Zi00ZTVkLWI0MTEtMDllZjNkYzNjNTc4L2ltYWdlXkEyXkFqcGdeQXVyNjU0OTQ0OTY@._V1_.jpg
Goodfellas,Movie,1990,8.7,1273997,145.0,R,"['Biography', 'Crime', 'Drama']","The story of Henry Hill and his life in the mafia, covering his relationship with his wife Karen and his mob partners Jimmy Conway and Tommy DeVito.",https://m.media-amazon.com/images/M/MV5BY2NkZjEzMDgtN2RjYy00YzM1LWI4ZmQtMjIwYjFjNmI3ZGEwXkEyXkFqcGdeQXVyNzkwMjQ5NzM@._V1_.jpg
One Flew Over the Cuckoo's Nest,Movie,1975,8.7,1082629,133.0,R,['Drama'],"In the Fall of 1963, a Korean War veteran and criminal pleads insanity and is admitted to a mental institution, where he rallies up the scared patients against the tyrannical nurse.",https://m.media-amazon.com/images/M/MV5BZjA0OWVhOTAtYWQxNi00YzNhLWI4ZjYtNjFjZTEyYjJlNDVlL2ltYWdlL2ltYWdlXkEyXkFqcGdeQXVyMTQxNzMzNDI@._V1_.jpg
Interstellar,Movie,2014,8.7,2143800,169.0,PG-13,"['Adventure', 'Drama', 'Sci-Fi']","When Earth becomes uninhabitable in the future, a farmer and ex-NASA pilot, Joseph Cooper, is tasked to pilot a spacecraft, along with a team of researchers, to find a new planet for humans.",https://m.media-amazon.com/images/M/MV5BZjdkOTU3MDktN2IxOS00OGEyLWFmMjktY2FiMmZkNWIyODZiXkEyXkFqcGdeQXVyMTMxODk2OTU@._V1_.jpg
Se7en,Movie,1995,8.6,1824616,127.0,R,"['Crime', 'Drama', 'Mystery']","Two detectives, a rookie and a veteran, hunt a serial killer who uses the seven deadly sins as his motives.",https://m.media-amazon.com/images/M/MV5BOTUwODM5MTctZjczMi00OTk4LTg3NWUtNmVhMTAzNTNjYjcyXkEyXkFqcGdeQXVyNjU0OTQ0OTY@._V1_.jpg
It's a Wonderful Life,Movie,1946,8.6,503821,130.0,PG,"['Drama', 'Family', 'Fantasy']",An angel is sent from Heaven to help a desperately frustrated businessman by showing him what life would have been like if he had never existed.,https://m.media-amazon.com/images/M/MV5BZjc4NDZhZWMtNGEzYS00ZWU2LThlM2ItNTA0YzQ0OTExMTE2XkEyXkFqcGdeQXVyNjUwMzI2NzU@._V1_.jpg
Shichinin no samurai,Movie,1954,8.6,370692,207.0,Not Rated,"['Action', 'Drama']","Farmers from a village exploited by bandits hire a veteran samurai for protection, who gathers six other samurai to join him.",https://m.media-amazon.com/images/M/MV5BNTkwY2I5NWMtMjNlNi00ZThjLWI4NzQtNDI4M2I4OGM1YjAzXkEyXkFqcGdeQXVyNzYxODE3NTQ@._V1_.jpg
The Silence of the Lambs,Movie,1991,8.6,1569186,118.0,R,"['Crime', 'Drama', 'Thriller']","A young F.B.I. cadet must receive the help of an incarcerated and manipulative cannibal killer to help catch another serial killer, a madman who skins his victims.",https://m.media-amazon.com/images/M/MV5BNjNhZTk0ZmEtNjJhMi00YzFlLWE1MmEtYzM1M2ZmMGMwMTU4XkEyXkFqcGdeQXVyNjU0OTQ0OTY@._V1_.jpg
Saving Private Ryan,Movie,1998,8.6,1515025,169.0,R,"['Drama', 'War']","Following the Normandy Landings, a group of U.S. soldiers go behind enemy lines to retrieve a paratrooper whose brothers have been killed in action.",https://m.media-amazon.com/images/M/MV5BZjhkMDM4MWItZTVjOC00ZDRhLThmYTAtM2I5NzBmNmNlMzI1XkEyXkFqcGdeQXVyNDYyMDk5MTU@._V1_.jpg
Cidade de Deus,Movie,2002,8.6,809548,130.0,R,"['Crime', 'Drama']","In the slums of Rio, two kids' paths diverge as one struggles to become a photographer and the other a kingpin.",https://m.media-amazon.com/images/M/MV5BMGU5OWEwZDItNmNkMC00NzZmLTk1YTctNzVhZTJjM2NlZTVmXkEyXkFqcGdeQXVyMTMxODk2OTU@._V1_.jpg
La vita è bella,Movie,1997,8.6,751095,116.0,PG-13,"['Comedy', 'Drama', 'Romance']","When an open-minded Jewish waiter and his son become victims of the Holocaust, he uses a perfect mixture of will, humor and imagination to protect his son from the dangers around their camp.",https://m.media-amazon.com/images/M/MV5BYmJmM2Q4NmMtYThmNC00ZjRlLWEyZmItZTIwOTBlZDQ3NTQ1XkEyXkFqcGdeQXVyMTQxNzMzNDI@._V1_.jpg
The Green Mile,Movie,1999,8.6,1425900,189.0,R,"['Crime', 'Drama', 'Fantasy']","A tale set on death row, where gentle giant John Coffey possesses the mysterious power to heal people's ailments. When the lead guard, Paul Edgecombe, recognizes John's gift, he tries to help stave off the condemned man's execution.",https://m.media-amazon.com/images/M/MV5BMTUxMzQyNjA5MF5BMl5BanBnXkFtZTYwOTU2NTY3._V1_.jpg
Terminator 2: Judgment Day,Movie,1991,8.6,1187890,137.0,R,"['Action', 'Adventure', 'Sci-Fi']","A cyborg, identical to the one who failed to kill Sarah Connor, must now protect her ten year old son John from an even more advanced and powerful cyborg.",https://m.media-amazon.com/images/M/MV5BMGU2NzRmZjUtOGUxYS00ZjdjLWEwZWItY2NlM2JhNjkxNTFmXkEyXkFqcGdeQXVyNjU0OTQ0OTY@._V1_.jpg
Star Wars,Movie,1977,8.6,1465407,121.0,PG,"['Action', 'Adventure', 'Fantasy']","Luke Skywalker joins forces with a Jedi Knight, a cocky pilot, a Wookiee and two droids to save the galaxy from the Empire's world-destroying battle station, while also attempting to rescue Princess Leia from the mysterious Darth Vader.",https://m.media-amazon.com/images/M/MV5BOTA5NjhiOTAtZWM0ZC00MWNhLThiMzEtZDFkOTk2OTU1ZDJkXkEyXkFqcGdeQXVyMTA4NDI1NTQx._V1_.jpg
Back to the Future,Movie,1985,8.5,1325414,116.0,PG,"['Adventure', 'Comedy', 'Sci-Fi']","Marty McFly, a 17-year-old high school student, is accidentally sent 30 years into the past in a time-traveling DeLorean invented by his close friend, the maverick scientist Doc Brown.",https://m.media-amazon.com/images/M/MV5BZmU0M2Y1OGUtZjIxNi00ZjBkLTg1MjgtOWIyNThiZWIwYjRiXkEyXkFqcGdeQXVyMTQxNzMzNDI@._V1_.jpg
Sen to Chihiro no kamikakushi,Movie,2001,8.6,864922,125.0,PG,"['Animation', 'Adventure', 'Family']","During her family's move to the suburbs, a sullen 10-year-old girl wanders into a world ruled by gods, witches and spirits, and where humans are changed into beasts.",https://m.media-amazon.com/images/M/MV5BMjlmZmI5MDctNDE2YS00YWE0LWE5ZWItZDBhYWQ0NTcxNWRhXkEyXkFqcGdeQXVyMTMxODk2OTU@._V1_.jpg
The Pianist,Movie,2002,8.5,926460,150.0,R,"['Biography', 'Drama', 'Music']","During WWII, acclaimed Polish musician Wladyslaw faces various struggles as he loses contact with his family. As the situation worsens, he hides in the ruins of Warsaw in order to survive.",https://m.media-amazon.com/images/M/MV5BOWRiZDIxZjktMTA1NC00MDQ2LWEzMjUtMTliZmY3NjQ3ODJiXkEyXkFqcGdeQXVyNjU0OTQ0OTY@._V1_.jpg
Gisaengchung,Movie,2019,8.5,983690,132.0,R,"['Drama', 'Thriller']",Greed and class discrimination threaten the newly-formed symbiotic relationship between the wealthy Park family and the destitute Kim clan.,https://m.media-amazon.com/images/M/MV5BYWZjMjk3ZTItODQ2ZC00NTY5LWE0ZDYtZTI3MjcwN2Q5NTVkXkEyXkFqcGdeQXVyODk4OTc3MTY@._V1_.jpg
Psycho,Movie,1960,8.5,726547,109.0,R,"['Horror', 'Mystery', 'Thriller']",A secretary on the run for embezzlement takes refuge at a secluded California motel owned by a repressed man and his overbearing mother.,https://m.media-amazon.com/images/M/MV5BNTQwNDM1YzItNDAxZC00NWY2LTk0M2UtNDIwNWI5OGUyNWUxXkEyXkFqcGdeQXVyNzkwMjQ5NzM@._V1_.jpg
Gladiator,Movie,2000,8.5,1647677,155.0,R,"['Action', 'Adventure', 'Drama']",A former Roman General sets out to exact vengeance against the corrupt emperor who murdered his family and sent him into slavery.,https://m.media-amazon.com/images/M/MV5BMDliMmNhNDEtODUyOS00MjNlLTgxODEtN2U3NzIxMGVkZTA1L2ltYWdlXkEyXkFqcGdeQXVyNjU0OTQ0OTY@._V1_.jpg
The Lion King,Movie,1994,8.5,1157126,88.0,G,"['Animation', 'Adventure', 'Drama']","Lion prince Simba and his father are targeted by his bitter uncle, who wants to ascend the throne himself.",https://m.media-amazon.com/images/M/MV5BYTYxNGMyZTYtMjE3MS00MzNjLWFjNmYtMDk3N2FmM2JiM2M1XkEyXkFqcGdeQXVyNjY5NDU4NzI@._V1_.jpg
Spider-Man: Across the Spider-Verse,Movie,2023,8.6,393003,140.0,PG,"['Animation', 'Action', 'Adventure']","Miles Morales catapults across the multiverse, where he encounters a team of Spider-People charged with protecting its very existence. When the heroes clash on how to handle a new threat, Miles must redefine what it means to be a hero.",https://m.media-amazon.com/images/M/MV5BMzI0NmVkMjEtYmY4MS00ZDMxLTlkZmEtMzU4MDQxYTMzMjU2XkEyXkFqcGdeQXVyMzQ0MzA0NTM@._V1_.jpg
The Departed,Movie,2006,8.5,1438293,151.0,R,"['Crime', 'Drama', 'Thriller']",An undercover cop and a mole in the police attempt to identify each other while infiltrating an Irish gang in South Boston.,https://m.media-amazon.com/images/M/MV5BMTI1MTY2OTIxNV5BMl5BanBnXkFtZTYwNjQ4NjY3._V1_.jpg
Léon,Movie,1994,8.5,1260172,110.0,R,"['Action', 'Crime', 'Drama']","12-year-old Mathilda is reluctantly taken in by Léon, a professional assassin, after her family is murdered. An unusual relationship forms as she becomes his protégée and learns the assassin's trade.",https://m.media-amazon.com/images/M/MV5BOTgyMWQ0ZWUtN2Q2MS00NmY0LWI3OWMtNjFkMzZlNDZjNTk0XkEyXkFqcGdeQXVyMjUzOTY1NTc@._V1_.jpg
Dune: Part Two,Movie,2024,8.5,495438,166.0,PG-13,"['Action', 'Adventure', 'Drama']",Paul Atreides unites with Chani and the Fremen while seeking revenge against the conspirators who destroyed his family.,https://m.media-amazon.com/images/M/MV5BN2QyZGU4ZDctOWMzMy00NTc5LThlOGQtODhmNDI1NmY5YzAwXkEyXkFqcGdeQXVyMDM2NDM2MQ@@._V1_.jpg
American History X,Movie,1998,8.5,1198070,119.0,R,"['Crime', 'Drama']","Living a life marked by violence, neo-Nazi Derek finally goes to prison after killing two black youths. Upon his release, Derek vows to change; he hopes to prevent his brother, Danny, who idolizes Derek, from following in his footsteps.",https://m.media-amazon.com/images/M/MV5BZTJhN2FkYWEtMGI0My00YWM4LWI2MjAtM2UwNjY4MTI2ZTQyXkEyXkFqcGdeQXVyNjc3MjQzNTI@._V1_.jpg
Whiplash,Movie,2014,8.5,1009851,106.0,R,"['Drama', 'Music']",A promising young drummer enrolls at a cut-throat music conservatory where his dreams of greatness are mentored by an instructor who will stop at nothing to realize a student's potential.,https://m.media-amazon.com/images/M/MV5BOTA5NDZlZGUtMjAxOS00YTRkLTkwYmMtYWQ0NWEwZDZiNjEzXkEyXkFqcGdeQXVyMTMxODk2OTU@._V1_.jpg
The Prestige,Movie,2006,8.5,1459146,130.0,PG-13,"['Drama', 'Mystery', 'Sci-Fi']","After a tragic accident, two stage magicians in 1890s London engage in a battle to create the ultimate illusion while sacrificing everything they have to outwit each other.",https://m.media-amazon.com/images/M/MV5BMjA4NDI0MTIxNF5BMl5BanBnXkFtZTYwNTM0MzY2._V1_.jpg
Hotaru no haka,Movie,1988,8.5,316619,88.0,Not Rated,"['Animation', 'Drama', 'War']",A young boy and his little sister struggle to survive in Japan during World War II.,https://m.media-amazon.com/images/M/MV5BZmY2NjUzNDQtNTgxNC00M2Q4LTljOWQtMjNjNDBjNWUxNmJlXkEyXkFqcGdeQXVyNTA4NzY1MzY@._V1_.jpg
Seppuku,Movie,1962,8.6,70790,133.0,Not Rated,"['Action', 'Drama', 'Mystery']","When a ronin requesting seppuku at a feudal lord's palace is told of the brutal suicide of another ronin who previously visited, he reveals how their pasts are intertwined - and in doing so challenges the clan's integrity.",https://m.media-amazon.com/images/M/MV5BMWNmYzg5NWYtNzhiMS00NzlkLTgyOTUtYzM3MjY0NDc2YjFkXkEyXkFqcGdeQXVyNzkwMjQ5NzM@._V1_.jpg
The Usual Suspects,Movie,1995,8.5,1156012,106.0,R,"['Crime', 'Drama', 'Mystery']",The sole survivor of a pier shoot-out tells the story of how a notorious criminal influenced the events that began with five criminals meeting in a seemingly random police lineup.,https://m.media-amazon.com/images/M/MV5BYTViNjMyNmUtNDFkNC00ZDRlLThmMDUtZDU2YWE4NGI2ZjVmXkEyXkFqcGdeQXVyNjU0OTQ0OTY@._V1_.jpg
Casablanca,Movie,1942,8.5,611645,102.0,PG,"['Drama', 'Romance', 'War']",A cynical expatriate American cafe owner struggles to decide whether or not to help his former lover and her fugitive husband escape the Nazis in French Morocco.,https://m.media-amazon.com/images/M/MV5BY2IzZGY2YmEtYzljNS00NTM5LTgwMzUtMzM1NjQ4NGI0OTk0XkEyXkFqcGdeQXVyNDYyMDk5MTU@._V1_.jpg
Intouchables,Movie,2011,8.5,940815,112.0,R,"['Comedy', 'Drama']","After he becomes a quadriplegic from a paragliding accident, an aristocrat hires a young man from the projects to be his caregiver.",https://m.media-amazon.com/images/M/MV5BMTYxNDA3MDQwNl5BMl5BanBnXkFtZTcwNTU4Mzc1Nw@@._V1_.jpg
Nuovo Cinema Paradiso,Movie,1988,8.5,286567,174.0,PG,"['Drama', 'Romance']",A filmmaker recalls his childhood when falling in love with the pictures at the cinema of his home village and forms a deep friendship with the cinema's projectionist.,https://m.media-amazon.com/images/M/MV5BM2FhYjEyYmYtMDI1Yy00YTdlLWI2NWQtYmEzNzAxOGY1NjY2XkEyXkFqcGdeQXVyNTA3NTIyNDg@._V1_.jpg
Modern Times,Movie,1936,8.5,262206,87.0,G,"['Comedy', 'Drama', 'Romance']",The Tramp struggles to live in modern industrial society with the help of a young homeless woman.,https://m.media-amazon.com/images/M/MV5BM2VlMjY3N2UtN2ZjNC00MDg4LWI3ZGQtZmE4NjZkZjkwZmYzXkEyXkFqcGdeQXVyMTU3NDU4MDg2._V1_.jpg
Rear Window,Movie,1954,8.5,528074,112.0,PG,"['Mystery', 'Thriller']","A house and wheelchair-bound photographer, his fashion model girlfriend and his visiting Nurse spy on neighbors from his courtyard window. Despite skepticism by his PD Detective friend, they're convinced one of his neighbors is a murderer.",https://m.media-amazon.com/images/M/MV5BNGUxYWM3M2MtMGM3Mi00ZmRiLWE0NGQtZjE5ODI2OTJhNTU0XkEyXkFqcGdeQXVyMTQxNzMzNDI@._V1_.jpg
Alien,Movie,1979,8.5,965448,117.0,R,"['Horror', 'Sci-Fi']","After investigating a mysterious transmission of unknown origin, the crew of a commercial spacecraft encounters a deadly lifeform.",https://m.media-amazon.com/images/M/MV5BOGQzZTBjMjQtOTVmMS00NGE5LWEyYmMtOGQ1ZGZjNmRkYjFhXkEyXkFqcGdeQXVyMjUzOTY1NTc@._V1_.jpg
C'era una volta il West,Movie,1968,8.5,352279,166.0,PG-13,"['Drama', 'Western']",A mysterious stranger with a harmonica joins forces with a notorious desperado to protect a beautiful widow from a ruthless assassin working for the railroad.,https://m.media-amazon.com/images/M/MV5BODQ3NDExOGYtMzI3Mi00NWRlLTkwNjAtNjc4MDgzZGJiZTA1XkEyXkFqcGdeQXVyMjUzOTY1NTc@._V1_.jpg
City Lights,Movie,1931,8.5,198023,87.0,G,"['Comedy', 'Drama', 'Romance']","With the aid of a wealthy erratic tippler, a dewy-eyed tramp who has fallen in love with a sightless flower girl accumulates money to be able to help her medically.",https://m.media-amazon.com/images/M/MV5BY2I4MmM1N2EtM2YzOS00OWUzLTkzYzctNDc5NDg2N2IyODJmXkEyXkFqcGdeQXVyNzkwMjQ5NzM@._V1_.jpg
Django Unchained,Movie,2012,8.5,1719139,165.0,R,"['Comedy', 'Drama', 'Western']","With the help of a German bounty-hunter, a freed slave sets out to rescue his wife from a brutal plantation owner in Mississippi.",https://m.media-amazon.com/images/M/MV5BMjIyNTQ5NjQ1OV5BMl5BanBnXkFtZTcwODg1MDU4OA@@._V1_.jpg
Apocalypse Now,Movie,1979,8.4,717677,147.0,R,"['Drama', 'Mystery', 'War']",A U.S. Army officer serving in Vietnam is tasked with assassinating a renegade Special Forces Colonel who sees himself as a god.,https://m.media-amazon.com/images/M/MV5BYmQyNTA1ZGItNjZjMi00NzFlLWEzMWEtNWMwN2Q2MjJhYzEyXkEyXkFqcGdeQXVyMjUzOTY1NTc@._V1_.jpg
Memento,Movie,2000,8.4,1336969,113.0,R,"['Mystery', 'Thriller']","Leonard Shelby, an insurance investigator, suffers from anterograde amnesia and uses notes and tattoos to hunt for the man he thinks killed his wife, which is the last thing he remembers.",https://m.media-amazon.com/images/M/MV5BZTcyNjk1MjgtOWI3Mi00YzQwLWI5MTktMzY4ZmI2NDAyNzYzXkEyXkFqcGdeQXVyNjU0OTQ0OTY@._V1_.jpg
WALL·E,Movie,2008,8.4,1215536,98.0,G,"['Animation', 'Adventure', 'Family']","A robot who is responsible for cleaning a waste-covered Earth meets another robot and falls in love with her. Together, they set out on a journey that will alter the fate of mankind.",https://m.media-amazon.com/images/M/MV5BMjExMTg5OTU0NF5BMl5BanBnXkFtZTcwMjMxMzMzMw@@._V1_.jpg
Raiders of the Lost Ark,Movie,1981,8.4,1045885,115.0,PG,"['Action', 'Adventure']","In 1936, archaeologists and adventurers of the U.S. government hired Indiana Jones to find the Ark of the Covenant before the Nazis could obtain its extraordinary powers.",https://m.media-amazon.com/images/M/MV5BNTU2ODkyY2MtMjU1NC00NjE1LWEzYjgtMWQ3MzRhMTE0NDc0XkEyXkFqcGdeQXVyMjM4MzQ4OTQ@._V1_.jpg
12th Fail,Movie,2023,8.9,125280,147.0,,"['Biography', 'Drama']",The real-life story of IPS Officer Manoj Kumar Sharma and IRS Officer Shraddha Joshi.,https://m.media-amazon.com/images/M/MV5BZDI4OTM1ZjMtOWQxMC00OTY5LTg3NjQtMjlhMWVjODFlYTY4XkEyXkFqcGdeQXVyMTYzMTU3Njgx._V1_.jpg
Das Leben der Anderen,Movie,2006,8.4,414039,137.0,R,"['Drama', 'Mystery', 'Thriller']","In 1984 East Berlin, an agent of the secret police conducting surveillance on a writer and his lover finds himself becoming increasingly absorbed by their lives.",https://m.media-amazon.com/images/M/MV5BNmQyNmJjM2ItNTQzYi00ZjMxLWFjMDYtZjUyN2YwZDk5YWQ2XkEyXkFqcGdeQXVyMjUzOTY1NTc@._V1_.jpg
Sunset Blvd.,Movie,1950,8.4,239065,110.0,Approved,"['Drama', 'Film-Noir']",A screenwriter develops a dangerous relationship with a faded film star determined to make a triumphant return.,https://m.media-amazon.com/images/M/MV5BMTU0NTkyNzYwMF5BMl5BanBnXkFtZTgwMDU0NDk5MTI@._V1_.jpg
Avengers: Infinity War,Movie,2018,8.4,1225162,149.0,PG-13,"['Action', 'Adventure', 'Sci-Fi']",The Avengers and their allies must be willing to sacrifice all in an attempt to defeat the powerful Thanos before his blitz of devastation and ruin puts an end to the universe.,https://m.media-amazon.com/images/M/MV5BMjMxNjY2MDU1OV5BMl5BanBnXkFtZTgwNzY1MTUwNTM@._V1_.jpg
Paths of Glory,Movie,1957,8.4,215393,88.0,Approved,"['Drama', 'War']","After a failed attack on a German position, a general orders three soldiers, chosen at random, court-martialed for cowardice and their commanding officer must defend them.",https://m.media-amazon.com/images/M/MV5BOTI5Nzc0OTMtYzBkMS00NjkxLThmM2UtNjM2ODgxN2M5NjNkXkEyXkFqcGdeQXVyNjQ2MjQ5NzM@._V1_.jpg
Spider-Man: Into the Spider-Verse,Movie,2018,8.4,686750,117.0,PG,"['Animation', 'Action', 'Adventure']",Teen Miles Morales becomes the Spider-Man of his universe and must join with five spider-powered individuals from other dimensions to stop a threat for all realities.,https://m.media-amazon.com/images/M/MV5BMjMwNDkxMTgzOF5BMl5BanBnXkFtZTgwNTkwNTQ3NjM@._V1_.jpg
Witness for the Prosecution,Movie,1957,8.4,139845,116.0,Approved,"['Crime', 'Drama', 'Mystery']",A veteran British barrister must defend his client in a murder trial that has surprise after surprise.,https://m.media-amazon.com/images/M/MV5BNDQwODU5OWYtNDcyNi00MDQ1LThiOGMtZDkwNWJiM2Y3MDg0XkEyXkFqcGdeQXVyMDI2NDg0NQ@@._V1_.jpg
The Shining,Movie,1980,8.4,1121715,146.0,R,"['Drama', 'Horror']","A family heads to an isolated hotel for the winter, where a sinister presence influences the father into violence. At the same time, his psychic son sees horrifying forebodings from both the past and the future.",https://m.media-amazon.com/images/M/MV5BZWFlYmY2MGEtZjVkYS00YzU4LTg0YjQtYzY1ZGE3NTA5NGQxXkEyXkFqcGdeQXVyMTQxNzMzNDI@._V1_.jpg
The Great Dictator,Movie,1940,8.4,239462,125.0,G,"['Comedy', 'Drama', 'War']",Dictator Adenoid Hynkel tries to expand his empire while a poor Jewish barber tries to avoid persecution from Hynkel's regime.,https://m.media-amazon.com/images/M/MV5BMjc4ZjEwNDUtMjlmZS00NzQ4LTg2N2MtMGI3ZjMyMmM3ZDM2XkEyXkFqcGc@._V1_.jpg
Alien 2,Movie,1986,8.4,773004,137.0,R,"['Action', 'Adventure', 'Sci-Fi']","Decades after surviving the Nostromo incident, Ellen Ripley is sent out to re-establish contact with a terraforming colony but finds herself battling the Alien Queen and her offspring.",https://m.media-amazon.com/images/M/MV5BOGJkY2EyOWYtYWRmNy00ZTEzLTllMDAtYzYzYjA0ZjFhZWJjXkEyXkFqcGdeQXVyMTUzMDUzNTI3._V1_.jpg
Inglourious Basterds,Movie,2009,8.4,1607442,153.0,R,"['Adventure', 'Drama', 'War']","In Nazi-occupied France during World War II, a plan to assassinate Nazi leaders by a group of Jewish U.S. soldiers coincides with a theatre owner's vengeful plans for the same.",https://m.media-amazon.com/images/M/MV5BOTJiNDEzOWYtMTVjOC00ZjlmLWE0NGMtZmE1OWVmZDQ2OWJhXkEyXkFqcGdeQXVyNTIzOTk5ODM@._V1_.jpg
The Dark Knight Rises,Movie,2012,8.4,1848771,164.0,PG-13,"['Action', 'Drama', 'Thriller']","Bane, an imposing terrorist, attacks Gotham City and disrupts its eight-year-long period of peace. This forces Bruce Wayne to come out of hiding and don the cape and cowl of Batman again.",https://m.media-amazon.com/images/M/MV5BMTk4ODQzNDY3Ml5BMl5BanBnXkFtZTcwODA0NTM4Nw@@._V1_.jpg
Coco,Movie,2017,8.4,605844,105.0,PG,"['Animation', 'Adventure', 'Drama']","Aspiring musician Miguel, confronted with his family's ancestral ban on music, enters the Land of the Dead to find his great-great-grandfather, a legendary singer.",https://m.media-amazon.com/images/M/MV5BYjQ5NjM0Y2YtNjZkNC00ZDhkLWJjMWItN2QyNzFkMDE3ZjAxXkEyXkFqcGdeQXVyODIxMzk5NjA@._V1_.jpg
Amadeus,Movie,1984,8.4,432545,160.0,PG,"['Biography', 'Drama', 'Music']","The life, success and troubles of Wolfgang Amadeus Mozart, as told by Antonio Salieri, the contemporaneous composer who was deeply jealous of Mozart's talent and claimed to have murdered him.",https://m.media-amazon.com/images/M/MV5BNWJlNzUzNGMtYTAwMS00ZjI2LWFmNWQtODcxNWUxODA5YmU1XkEyXkFqcGdeQXVyNTIzOTk5ODM@._V1_.jpg
Dr. Strangelove or: How I Learned to Stop Worrying and Love the Bomb,Movie,1964,8.3,522717,95.0,PG,"['Comedy', 'War']","An unhinged American general orders a bombing attack on the Soviet Union, triggering a path to nuclear holocaust that a war room full of politicians and generals frantically tries to stop.",https://m.media-amazon.com/images/M/MV5BZWI3ZTMxNjctMjdlNS00NmUwLWFiM2YtZDUyY2I3N2MxYTE0XkEyXkFqcGdeQXVyNzkwMjQ5NzM@._V1_.jpg
Oldeuboi,Movie,2003,8.3,645967,120.0,R,"['Action', 'Drama', 'Mystery']","After being kidnapped and imprisoned for fifteen years, Oh Dae-Su is released, only to find that he must track down his captor in five days.",https://m.media-amazon.com/images/M/MV5BMTI3NTQyMzU5M15BMl5BanBnXkFtZTcwMTM2MjgyMQ@@._V1_.jpg
Toy Story,Movie,1995,8.3,1081800,81.0,G,"['Animation', 'Adventure', 'Comedy']",A cowboy doll is profoundly threatened and jealous when a new spaceman action figure supplants him as top toy in a boy's bedroom.,https://m.media-amazon.com/images/M/MV5BMDU2ZWJlMjktMTRhMy00ZTA5LWEzNDgtYmNmZTEwZTViZWJkXkEyXkFqcGdeQXVyNDQ2OTk4MzI@._V1_.jpg
American Beauty,Movie,1999,8.3,1220239,122.0,R,['Drama'],A sexually frustrated suburban father has a mid-life crisis after becoming infatuated with his daughter's best friend.,https://m.media-amazon.com/images/M/MV5BNTBmZWJkNjctNDhiNC00MGE2LWEwOTctZTk5OGVhMWMyNmVhXkEyXkFqcGdeQXVyMTMxODk2OTU@._V1_.jpg
Avengers: Endgame,Movie,2019,8.4,1290498,181.0,PG-13,"['Action', 'Adventure', 'Drama']","After the devastating events of Avengers: Infinity War (2018), the universe is in ruins. With the help of remaining allies, the Avengers assemble once more in order to reverse Thanos' actions and restore balance to the universe.",https://m.media-amazon.com/images/M/MV5BMTc5MDE2ODcwNV5BMl5BanBnXkFtZTgwMzI2NzQ2NzM@._V1_.jpg
Braveheart,Movie,1995,8.3,1100632,178.0,R,"['Biography', 'Drama', 'War']",Scottish warrior William Wallace leads his countrymen in a rebellion to free his homeland from the tyranny of King Edward I of England.,https://m.media-amazon.com/images/M/MV5BMzkzMmU0YTYtOWM3My00YzBmLWI0YzctOGYyNTkwMWE5MTJkXkEyXkFqcGdeQXVyNzkwMjQ5NzM@._V1_.jpg
Das Boot,Movie,1981,8.4,266570,149.0,,"['Drama', 'War']",A German U-boat stalks the frigid waters of the North Atlantic as its young crew experience the sheer terror and claustrophobic life of a submariner in World War II.,https://m.media-amazon.com/images/M/MV5BNDBjMWUxNTUtNjZiNi00YzJhLTgzNzUtMTRiY2FkZmMzYTNjXkEyXkFqcGdeQXVyMTUzMDUzNTI3._V1_.jpg
Good Will Hunting,Movie,1997,8.3,1086815,126.0,R,"['Drama', 'Romance']","Will Hunting, a janitor at MIT, has a gift for mathematics, but needs help from a psychologist to find direction in his life.",https://m.media-amazon.com/images/M/MV5BOTI0MzcxMTYtZDVkMy00NjY1LTgyMTYtZmUxN2M3NmQ2NWJhXkEyXkFqcGdeQXVyMTQxNzMzNDI@._V1_.jpg
Mononoke-hime,Movie,1997,8.3,440342,134.0,PG-13,"['Animation', 'Action', 'Adventure']","On a journey to find the cure for a Tatarigami's curse, Ashitaka finds himself in the middle of a war between the forest gods and Tatara, a mining colony. In this quest he also meets San, the Mononoke Hime.",https://m.media-amazon.com/images/M/MV5BNjM3NGExNDctYmU0Yy00MTJjLThlNTItMjM4NDBjMGRiMmE5XkEyXkFqcGdeQXVyMTUzMDUzNTI3._V1_.jpg
Joker,Movie,2019,8.4,1520949,122.0,R,"['Crime', 'Drama', 'Thriller']","Arthur Fleck, a party clown and a failed stand-up comedian, leads an impoverished life with his ailing mother. However, when society shuns him and brands him as a freak, he decides to embrace the life of crime and chaos in Gotham City.",https://m.media-amazon.com/images/M/MV5BNGVjNWI4ZGUtNzE0MS00YTJmLWE0ZDctN2ZiYTk2YmI3NTYyXkEyXkFqcGdeQXVyMTkxNjUyNQ@@._V1_.jpg
Kimi no na wa.,Movie,2016,8.4,329888,106.0,,"['Animation', 'Drama', 'Fantasy']","Two teenagers share a profound, magical connection upon discovering they are swapping bodies. Things manage to become even more complicated when the boy and girl decide to meet in person.",https://m.media-amazon.com/images/M/MV5BODRmZDVmNzUtZDA4ZC00NjhkLWI2M2UtN2M0ZDIzNDcxYThjL2ltYWdlXkEyXkFqcGdeQXVyNTk0MzMzODA@._V1_.jpg
Tengoku to jigoku,Movie,1963,8.4,54689,143.0,Not Rated,"['Crime', 'Drama', 'Mystery']",An executive of a Yokohama shoe company becomes a victim of extortion when his chauffeur's son is kidnapped by mistake and held for ransom.,https://m.media-amazon.com/images/M/MV5BZGQ1NWZlYjctNDJmOS00MmU2LTg1ODItNmZiM2ZkNzJhNDI0XkEyXkFqcGdeQXVyNjc1NTYyMjg@._V1_.jpg
3 Idiots,Movie,2009,8.4,440745,170.0,PG-13,"['Comedy', 'Drama']","Two friends are searching for their long lost companion. They revisit their college days and recall the memories of their friend who inspired them to think differently, even as the rest of the world called them ""idiots"".",https://m.media-amazon.com/images/M/MV5BNTkyOGVjMGEtNmQzZi00NzFlLTlhOWQtODYyMDc2ZGJmYzFhXkEyXkFqcGdeQXVyNjU0OTQ0OTY@._V1_.jpg
Once Upon a Time in America,Movie,1984,8.3,381843,229.0,R,"['Crime', 'Drama']","A former Prohibition-era Jewish gangster returns to the Lower East Side of Manhattan 35 years later, where he must once again confront the ghosts and regrets of his old life.",https://m.media-amazon.com/images/M/MV5BMmQzZjdmZDAtOGE2Yy00MmUwLTljYzgtZTMwMjk3ZDdiOWUyXkEyXkFqcGdeQXVyNjc5NjEzNA@@._V1_.jpg
Singin' in the Rain,Movie,1952,8.3,263601,103.0,G,"['Comedy', 'Musical', 'Romance']",A silent film star falls for a chorus girl just as he and his delusionally jealous screen partner are trying to make the difficult transition to talking pictures in 1920s Hollywood.,https://m.media-amazon.com/images/M/MV5BZDRjNGViMjQtOThlMi00MTA3LThkYzQtNzJkYjBkMGE0YzE1XkEyXkFqcGdeQXVyNDYyMDk5MTU@._V1_.jpg
Capharnaüm,Movie,2018,8.4,108028,126.0,R,['Drama'],"While serving a five-year sentence for a violent crime, a 12-year-old boy sues his parents for neglect.",https://m.media-amazon.com/images/M/MV5BMmExNzU2ZWMtYzUwYi00YmM2LTkxZTQtNmVhNjY0NTMyMWI2XkEyXkFqcGdeQXVyMTMxODk2OTU@._V1_.jpg
Idi i smotri,Movie,1985,8.4,100275,142.0,Not Rated,"['Drama', 'Thriller', 'War']","After finding an old rifle, a young boy joins the Soviet resistance movement against ruthless German forces and experiences the horrors of World War II.",https://m.media-amazon.com/images/M/MV5BODM4Njg0NTAtYjI5Ny00ZjAxLTkwNmItZTMxMWU5M2U3M2RjXkEyXkFqcGdeQXVyNzkwMjQ5NzM@._V1_.jpg
Requiem for a Dream,Movie,2000,8.3,909200,102.0,NC-17,['Drama'],The drug-induced utopias of four Coney Island people are shattered when their addictions run deep..,https://m.media-amazon.com/images/M/MV5BOTdiNzJlOWUtNWMwNS00NmFlLWI0YTEtZmI3YjIzZWUyY2Y3XkEyXkFqcGdeQXVyNjU0OTQ0OTY@._V1_.jpg
Toy Story 3,Movie,2010,8.3,902047,103.0,G,"['Animation', 'Adventure', 'Comedy']","The toys are mistakenly delivered to a day-care center instead of the attic right before Andy leaves for college, and it's up to Woody to convince the other toys that they weren't abandoned and to return home.",https://m.media-amazon.com/images/M/MV5BMTgxOTY4Mjc0MF5BMl5BanBnXkFtZTcwNTA4MDQyMw@@._V1_.jpg
Star Wars: Episode VI - Return of the Jedi,Movie,1983,8.3,1133526,131.0,PG,"['Action', 'Adventure', 'Fantasy']","After rescuing Han Solo from Jabba the Hutt, the Rebel Alliance attempts to destroy the second Death Star while Luke struggles to help Darth Vader back from the dark side.",https://m.media-amazon.com/images/M/MV5BOWZlMjFiYzgtMTUzNC00Y2IzLTk1NTMtZmNhMTczNTk0ODk1XkEyXkFqcGdeQXVyNTAyODkwOQ@@._V1_.jpg
Eternal Sunshine of the Spotless Mind,Movie,2004,8.3,1090300,108.0,R,"['Drama', 'Romance', 'Sci-Fi']","When their relationship turns sour, a couple undergoes a medical procedure to have each other erased from their memories forever.",https://m.media-amazon.com/images/M/MV5BMTY4NzcwODg3Nl5BMl5BanBnXkFtZTcwNTEwOTMyMw@@._V1_.jpg
Jagten,Movie,2012,8.3,369870,115.0,R,['Drama'],"A teacher lives a lonely life, all the while struggling over his son's custody. His life slowly gets better as he finds love and receives good news from his son, but his new luck is about to be brutally shattered by an innocent little lie.",https://m.media-amazon.com/images/M/MV5BMTg2NDg3ODg4NF5BMl5BanBnXkFtZTcwNzk3NTc3Nw@@._V1_.jpg
2001: A Space Odyssey,Movie,1968,8.3,727617,149.0,G,"['Adventure', 'Sci-Fi']","After uncovering a mysterious artifact buried beneath the Lunar surface, a spacecraft is sent to Jupiter to find its origins: a spacecraft manned by two men and the supercomputer HAL 9000.",https://m.media-amazon.com/images/M/MV5BMmNlYzRiNDctZWNhMi00MzI4LThkZTctMTUzMmZkMmFmNThmXkEyXkFqcGdeQXVyNzkwMjQ5NzM@._V1_.jpg
Ikiru,Movie,1952,8.3,89131,143.0,Not Rated,['Drama'],A bureaucrat tries to find meaning in his life after he discovers he has terminal cancer.,https://m.media-amazon.com/images/M/MV5BYWM1YmZkNTctZDAwNy00ZTY4LWFjMTktYzU4ZjViMmU1OTJmXkEyXkFqcGdeQXVyMTA0MTM5NjI2._V1_.jpg
Reservoir Dogs,Movie,1992,8.3,1099549,99.0,R,"['Crime', 'Thriller']","When a simple jewelry heist goes horribly wrong, the surviving criminals begin to suspect that one of them is a police informant.",https://m.media-amazon.com/images/M/MV5BZmExNmEwYWItYmQzOS00YjA5LTk2MjktZjEyZDE1Y2QxNjA1XkEyXkFqcGdeQXVyMTQxNzMzNDI@._V1_.jpg
Lawrence of Arabia,Movie,1962,8.3,318118,218.0,PG,"['Adventure', 'Biography', 'Drama']","The story of T.E. Lawrence, the English officer who successfully united and led the diverse, often warring, Arab tribes during World War I in order to fight the Turks.",https://m.media-amazon.com/images/M/MV5BYWY5ZjhjNGYtZmI2Ny00ODM0LWFkNzgtZmI1YzA2N2MxMzA0XkEyXkFqcGdeQXVyNjUwNzk3NDc@._V1_.jpg
The Apartment,Movie,1960,8.3,199356,125.0,Approved,"['Comedy', 'Drama', 'Romance']","A Manhattan insurance clerk tries to rise in his company by letting its executives use his apartment for trysts, but office politics and his own romantic hopes complicate matters.",https://m.media-amazon.com/images/M/MV5BNzkwODFjNzItMmMwNi00MTU5LWE2MzktM2M4ZDczZGM1MmViXkEyXkFqcGdeQXVyNDY2MTk1ODk@._V1_.jpg
Incendies,Movie,2010,8.3,207577,131.0,R,"['Drama', 'Mystery', 'War']",Twins journey to the Middle East to discover their family history and fulfill their mother's last wishes.,https://m.media-amazon.com/images/M/MV5BMWE3MGYzZjktY2Q5Mi00Y2NiLWIyYWUtMmIyNzA3YmZlMGFhXkEyXkFqcGdeQXVyMTMxODk2OTU@._V1_.jpg
Oppenheimer,Movie,2023,8.3,781935,180.0,R,"['Biography', 'Drama', 'History']",The story of American scientist J. Robert Oppenheimer and his role in the development of the atomic bomb.,https://m.media-amazon.com/images/M/MV5BMDBmYTZjNjUtN2M1MS00MTQ2LTk2ODgtNzc2M2QyZGE5NTVjXkEyXkFqcGdeQXVyNzAwMjU2MTY@._V1_.jpg
North by Northwest,Movie,1959,8.3,349493,136.0,Approved,"['Action', 'Adventure', 'Mystery']","A New York City advertising executive goes on the run after being mistaken for a government agent by a group of foreign spies, and falls for a woman whose loyalties he begins to doubt.",https://m.media-amazon.com/images/M/MV5BZDA3NDExMTUtMDlhOC00MmQ5LWExZGUtYmI1NGVlZWI4OWNiXkEyXkFqcGdeQXVyNjc1NTYyMjg@._V1_.jpg
Scarface,Movie,1983,8.3,928521,170.0,R,"['Crime', 'Drama']","In 1980 Miami, a determined Cuban immigrant takes over a drug cartel and succumbs to greed.",https://m.media-amazon.com/images/M/MV5BNjdjNGQ4NDEtNTEwYS00MTgxLTliYzQtYzE2ZDRiZjFhZmNlXkEyXkFqcGdeQXVyNjU0OTQ0OTY@._V1_.jpg
Citizen Kane,Movie,1941,8.3,469582,119.0,PG,"['Drama', 'Mystery']","Following the death of publishing tycoon Charles Foster Kane, reporters scramble to uncover the meaning of his final utterance: 'Rosebud.'",https://m.media-amazon.com/images/M/MV5BYjBiOTYxZWItMzdiZi00NjlkLWIzZTYtYmFhZjhiMTljOTdkXkEyXkFqcGdeQXVyNzkwMjQ5NzM@._V1_.jpg
Double Indemnity,Movie,1944,8.3,169112,107.0,Approved,"['Crime', 'Drama', 'Film-Noir']","A Los Angeles insurance representative is seduced by an alluring housewife into a scheme of insurance fraud and murder that arouses the suspicion of his colleague, a claims investigator.",https://m.media-amazon.com/images/M/MV5BOTdlNjgyZGUtOTczYi00MDdhLTljZmMtYTEwZmRiOWFkYjRhXkEyXkFqcGdeQXVyNDY2MTk1ODk@._V1_.jpg
M - Eine Stadt sucht einen Mörder,Movie,1931,8.3,170385,117.0,Passed,"['Crime', 'Mystery', 'Thriller']","When the police in a German city are unable to catch a child-murderer, other criminals join in the manhunt.",https://m.media-amazon.com/images/M/MV5BODA4ODk3OTEzMF5BMl5BanBnXkFtZTgwMTQ2ODMwMzE@._V1_.jpg
Vertigo,Movie,1958,8.3,432023,128.0,PG,"['Mystery', 'Romance', 'Thriller']","A former San Francisco police detective juggles wrestling with his personal demons and becoming obsessed with the hauntingly beautiful woman he has been hired to trail, who may be deeply disturbed.",https://m.media-amazon.com/images/M/MV5BYTE4ODEwZDUtNDFjOC00NjAxLWEzYTQtYTI1NGVmZmFlNjdiL2ltYWdlL2ltYWdlXkEyXkFqcGdeQXVyNjc1NTYyMjg@._V1_.jpg
Full Metal Jacket,Movie,1987,8.2,798413,116.0,R,"['Drama', 'War']",A pragmatic U.S. Marine observes the dehumanizing effects the Vietnam War has on his fellow recruits from their brutal boot camp training to the bloody street fighting in Hue.,https://m.media-amazon.com/images/M/MV5BNzkxODk0NjEtYjc4Mi00ZDI0LTgyYjEtYzc1NDkxY2YzYTgyXkEyXkFqcGdeQXVyNzkwMjQ5NzM@._V1_.jpg
Le fabuleux destin d'Amélie Poulain,Movie,2001,8.3,800357,122.0,R,"['Comedy', 'Romance']","Despite being caught in her imaginative world, Amelie, a young waitress, decides to help people find happiness. Her quest to spread joy leads her on a journey where she finds true love.",https://m.media-amazon.com/images/M/MV5BNDg4NjM1YjMtYmNhZC00MjM0LWFiZmYtNGY1YjA3MzZmODc5XkEyXkFqcGdeQXVyNDk3NzU2MTQ@._V1_.jpg
Heat,Movie,1995,8.3,728247,170.0,R,"['Action', 'Crime', 'Drama']",A group of high-end professional thieves start to feel the heat from the LAPD when they unknowingly leave a verbal clue at their latest heist.,https://m.media-amazon.com/images/M/MV5BYjZjNTJlZGUtZTE1Ny00ZDc4LTgwYjUtMzk0NDgwYzZjYTk1XkEyXkFqcGdeQXVyNjU0OTQ0OTY@._V1_.jpg
Up,Movie,2009,8.3,1139712,96.0,PG,"['Animation', 'Adventure', 'Comedy']","78-year-old Carl Fredricksen travels to Paradise Falls in his house equipped with balloons, inadvertently taking a young stowaway.",https://m.media-amazon.com/images/M/MV5BYjBkM2RjMzItM2M3Ni00N2NjLWE3NzMtMGY4MzE4MDAzMTRiXkEyXkFqcGdeQXVyNDUzOTQ5MjY@._V1_.jpg
A Clockwork Orange,Movie,1971,8.3,889035,136.0,R,"['Crime', 'Sci-Fi']",Alex DeLarge and his droogs barbarize a decaying near-future.,https://m.media-amazon.com/images/M/MV5BMTY3MjM1Mzc4N15BMl5BanBnXkFtZTgwODM0NzAxMDE@._V1_.jpg
To Kill a Mockingbird,Movie,1962,8.3,335588,129.0,Approved,"['Crime', 'Drama']","Atticus Finch, a widowed lawyer in Depression-era Alabama, defends a Black man against an undeserved rape charge, and tries to educate his young children against prejudice.",https://m.media-amazon.com/images/M/MV5BNmVmYzcwNzMtMWM1NS00MWIyLThlMDEtYzUwZDgzODE1NmE2XkEyXkFqcGdeQXVyNzkwMjQ5NzM@._V1_.jpg
Jodaeiye Nader az Simin,Movie,2011,8.3,260980,123.0,PG-13,['Drama'],A married couple are faced with a difficult decision - to improve the life of their child by moving to another country or to stay in Iran and look after a deteriorating parent who has Alzheimer's disease.,https://m.media-amazon.com/images/M/MV5BN2JmMjViMjMtZTM5Mi00ZGZkLTk5YzctZDg5MjFjZDE4NjNkXkEyXkFqcGdeQXVyMTMxODk2OTU@._V1_.jpg
The Sting,Movie,1973,8.3,282265,129.0,PG,"['Comedy', 'Crime', 'Drama']",Two grifters team up to pull off the ultimate con.,https://m.media-amazon.com/images/M/MV5BNGU3NjQ4YTMtZGJjOS00YTQ3LThmNmItMTI5MDE2ODI3NzY3XkEyXkFqcGdeQXVyMjUzOTY1NTc@._V1_.jpg
Die Hard,Movie,1988,8.2,955116,132.0,R,"['Action', 'Thriller']",A New York City police officer tries to save his estranged wife and several others taken hostage by terrorists during a Christmas party at the Nakatomi Plaza in Los Angeles.,https://m.media-amazon.com/images/M/MV5BZjRlNDUxZjAtOGQ4OC00OTNlLTgxNmQtYTBmMDgwZmNmNjkxXkEyXkFqcGdeQXVyNzkwMjQ5NzM@._V1_.jpg
Indiana Jones and the Last Crusade,Movie,1989,8.2,818056,127.0,PG-13,"['Action', 'Adventure']","In 1938, after his father goes missing while pursuing the Holy Grail, Indiana Jones finds himself up against the Nazis again to stop them from obtaining its powers.",https://m.media-amazon.com/images/M/MV5BY2Q0ODg4ZmItNDZiYi00ZWY5LTg2NzctNmYwZjA5OThmNzE1XkEyXkFqcGdeQXVyMjM4MzQ4OTQ@._V1_.jpg
Taare Zameen Par,Movie,2007,8.3,209349,162.0,PG,"['Drama', 'Family']","An eight-year-old boy is thought to be a lazy trouble-maker, until the new art teacher has the patience and compassion to discover the real problem behind his struggles in school.",https://m.media-amazon.com/images/M/MV5BMDhjZWViN2MtNzgxOS00NmI4LThiZDQtZDI3MzM4MDE4NTc0XkEyXkFqcGdeQXVyMTMxODk2OTU@._V1_.jpg
Metropolis,Movie,1927,8.3,187413,153.0,Not Rated,"['Drama', 'Sci-Fi']","In a futuristic city sharply divided between the working class and the city planners, the son of the city's mastermind falls in love with a working-class prophet who predicts the coming of a savior to mediate their differences.",https://m.media-amazon.com/images/M/MV5BMTg5YWIyMWUtZDY5My00Zjc1LTljOTctYmI0MWRmY2M2NmRkXkEyXkFqcGdeQXVyMTMxODk2OTU@._V1_.jpg
Snatch,Movie,2000,8.2,919572,104.0,R,"['Comedy', 'Crime']","Unscrupulous boxing promoters, violent bookmakers, a Russian gangster, incompetent amateur robbers and supposedly Jewish jewelers fight to track down a priceless stolen diamond.",https://m.media-amazon.com/images/M/MV5BMTA2NDYxOGYtYjU1Mi00Y2QzLTgxMTQtMWI1MGI0ZGQ5MmU4XkEyXkFqcGdeQXVyNDk3NzU2MTQ@._V1_.jpg
1917,Movie,2019,8.2,690472,119.0,R,"['Action', 'Drama', 'History']","April 6th, 1917. As an infantry battalion assembles to wage war deep in enemy territory, two soldiers are assigned to race against time and deliver a message that will stop 1,600 men from walking straight into a deadly trap.",https://m.media-amazon.com/images/M/MV5BOTdmNTFjNDEtNzg0My00ZjkxLTg1ZDAtZTdkMDc2ZmFiNWQ1XkEyXkFqcGdeQXVyNTAzNzgwNTg@._V1_.jpg
L.A. Confidential,Movie,1997,8.2,623512,138.0,R,"['Crime', 'Drama', 'Mystery']","As corruption grows in 1950s Los Angeles, three policemen - one strait-laced, one brutal, and one sleazy - investigate a series of murders with their own brand of justice.",https://m.media-amazon.com/images/M/MV5BMDQ2YzEyZGItYWRhOS00MjBmLTkzMDUtMTdjYzkyMmQxZTJlXkEyXkFqcGdeQXVyNjU0OTQ0OTY@._V1_.jpg
Ladri di biciclette,Movie,1948,8.3,177156,89.0,Not Rated,['Drama'],"In post-war Italy, a working-class man's bicycle is stolen, endangering his efforts to find work. He and his son set out to find it.",https://m.media-amazon.com/images/M/MV5BNWEwYTIwZDEtNDIwZi00ZmY1LTg1OGYtZDE5NWI2OGRmNmQzXkEyXkFqcGdeQXVyNDUzOTQ5MjY@._V1_.jpg
Hamilton,Movie,2020,8.3,116680,160.0,PG-13,"['Biography', 'Drama', 'History']","The real life of one of America's foremost founding fathers and first Secretary of the Treasury, Alexander Hamilton. Captured live on Broadway from the Richard Rodgers Theater with the original Broadway cast.",https://m.media-amazon.com/images/M/MV5BNjViNWRjYWEtZTI0NC00N2E3LTk0NGQtMjY4NTM3OGNkZjY0XkEyXkFqcGdeQXVyMjUxMTY3ODM@._V1_.jpg
Taxi Driver,Movie,1976,8.2,934777,114.0,R,"['Crime', 'Drama']","A mentally unstable veteran works as a nighttime taxi driver in New York City, where the perceived decadence and sleaze fuels his urge for violent action.",https://m.media-amazon.com/images/M/MV5BM2M1MmVhNDgtNmI0YS00ZDNmLTkyNjctNTJiYTQ2N2NmYzc2XkEyXkFqcGdeQXVyNzkwMjQ5NzM@._V1_.jpg
Der Untergang,Movie,2004,8.2,378289,156.0,R,"['Biography', 'Drama', 'History']","Traudl Junge, the final secretary for Adolf Hitler, tells of the Nazi dictator's final days in his Berlin bunker at the end of WWII.",https://m.media-amazon.com/images/M/MV5BMTU0NTU5NTAyMl5BMl5BanBnXkFtZTYwNzYwMDg2._V1_.jpg
Dangal,Movie,2016,8.3,214735,161.0,Not Rated,"['Action', 'Biography', 'Drama']",Former wrestler Mahavir Singh Phogat and his two wrestler daughters struggle towards glory at the Commonwealth Games in the face of societal oppression.,https://m.media-amazon.com/images/M/MV5BMTQ4MzQzMzM2Nl5BMl5BanBnXkFtZTgwMTQ1NzU3MDI@._V1_.jpg
Batman Begins,Movie,2005,8.2,1596484,140.0,PG-13,"['Action', 'Crime', 'Drama']","After witnessing his parents' death, Bruce learns the art of fighting to confront injustice. When he returns to Gotham as Batman, he must stop a secret society that intends to destroy the city.",https://m.media-amazon.com/images/M/MV5BOTY4YjI2N2MtYmFlMC00ZjcyLTg3YjEtMDQyM2ZjYzQ5YWFkXkEyXkFqcGdeQXVyMTQxNzMzNDI@._V1_.jpg
Per qualche dollaro in più,Movie,1965,8.2,278107,132.0,R,"['Drama', 'Western']","Two bounty hunters with the same intentions team up to track down a gang of outlaws led by a psychotic Mexican bandit, who is plotting an audacious bank robbery.",https://m.media-amazon.com/images/M/MV5BMzJlZTNkYjQtMTE1OS00YTJlLTgxNjItYzg4NTllODdkMzBiXkEyXkFqcGdeQXVyMjUzOTY1NTc@._V1_.jpg
The Wolf of Wall Street,Movie,2013,8.2,1609789,180.0,R,"['Biography', 'Comedy', 'Crime']","Based on the true story of Jordan Belfort, from his rise to a wealthy stock-broker living the high life to his fall involving crime, corruption and the federal government.",https://m.media-amazon.com/images/M/MV5BMjIxMjgxNTk0MF5BMl5BanBnXkFtZTgwNjIyOTg2MDE@._V1_.jpg
Green Book,Movie,2018,8.2,587617,130.0,PG-13,"['Biography', 'Comedy', 'Drama']",A working-class Italian-American bouncer becomes the driver for an African-American classical pianist on a tour of venues through the 1960s American South.,https://m.media-amazon.com/images/M/MV5BYzIzYmJlYTYtNGNiYy00N2EwLTk4ZjItMGYyZTJiOTVkM2RlXkEyXkFqcGdeQXVyODY1NDk1NjE@._V1_.jpg
Some Like It Hot,Movie,1959,8.2,286188,121.0,Approved,"['Comedy', 'Music', 'Romance']","After two male musicians witness a mob hit, they flee the state in an all-female band disguised as women, but further complications set in.",https://m.media-amazon.com/images/M/MV5BNzAyOGIxYjAtMGY2NC00ZTgyLWIwMWEtYzY0OWQ4NDFjOTc5XkEyXkFqcGdeQXVyNjU0OTQ0OTY@._V1_.jpg
The Kid,Movie,1921,8.2,136349,68.0,Passed,"['Comedy', 'Drama', 'Family']","The Tramp cares for an abandoned child, but events put their relationship in jeopardy.",https://m.media-amazon.com/images/M/MV5BZjhhMThhNDItNTY2MC00MmU1LTliNDEtNDdhZjdlNTY5ZDQ1XkEyXkFqcGdeQXVyNjc1NTYyMjg@._V1_.jpg
The Father,Movie,2020,8.2,198286,97.0,PG-13,"['Drama', 'Mystery']","A man refuses all assistance from his daughter as he ages. As he tries to make sense of his changing circumstances, he begins to doubt his loved ones, his own mind and even the fabric of his reality.",https://m.media-amazon.com/images/M/MV5BZGJhNWRiOWQtMjI4OS00ZjcxLTgwMTAtMzQ2ODkxY2JkOTVlXkEyXkFqcGdeQXVyMTkxNjUyNQ@@._V1_.jpg
Judgment at Nuremberg,Movie,1961,8.3,86686,179.0,Approved,"['Drama', 'War']","Fictionalized depiction of the 1947 Judges' Trial, the third of twelve trials of Nazi war criminals conducted by the American occupying forces in Nuremberg, Germany, in which former judges of Nazi Germany were tried for their actions.",https://m.media-amazon.com/images/M/MV5BNDc2ODQ5NTE2MV5BMl5BanBnXkFtZTcwODExMjUyNA@@._V1_.jpg
The Truman Show,Movie,1998,8.2,1217856,103.0,PG,"['Comedy', 'Drama']","An insurance salesman is oblivious of the fact that his entire life is a TV show and his family members are mere actors. As he starts noticing things and uncovers the truth, he decides to escape.",https://m.media-amazon.com/images/M/MV5BMDIzODcyY2EtMmY2MC00ZWVlLTgwMzAtMjQwOWUyNmJjNTYyXkEyXkFqcGdeQXVyNDk3NzU2MTQ@._V1_.jpg
All About Eve,Movie,1950,8.2,140087,138.0,Approved,['Drama'],Seemingly timid but secretly ruthless ingenue Eve Harrington insinuates herself into the lives of aging Broadway star Margo Channing and her circle of theater friends in this Oscar-winning story.,https://m.media-amazon.com/images/M/MV5BYmE1M2Y3NTYtYTI0Mi00N2JlLTkzMzItOTY1MTlhNWNkMDgzXkEyXkFqcGdeQXVyMTUzMDUzNTI3._V1_.jpg
Shutter Island,Movie,2010,8.2,1480954,138.0,R,"['Drama', 'Mystery', 'Thriller']","Teddy Daniels and Chuck Aule, two US marshals, are sent to an asylum on a remote island in order to investigate the disappearance of a patient, where Teddy uncovers a shocking truth about the place.",https://m.media-amazon.com/images/M/MV5BYzhiNDkyNzktNTZmYS00ZTBkLTk2MDAtM2U0YjU1MzgxZjgzXkEyXkFqcGdeQXVyMTMxODk2OTU@._V1_.jpg
There Will Be Blood,Movie,2007,8.2,648301,158.0,R,['Drama'],"A story of family, religion, hatred, oil and madness, focusing on a turn-of-the-century prospector in the early days of the business.",https://m.media-amazon.com/images/M/MV5BMjAxODQ4MDU5NV5BMl5BanBnXkFtZTcwMDU4MjU1MQ@@._V1_.jpg
Top Gun: Maverick,Movie,2022,8.2,722764,130.0,PG-13,"['Action', 'Drama']","The story involves Maverick confronting his past while training a group of younger Top Gun graduates, including the son of his deceased best friend, for a dangerous mission.",https://m.media-amazon.com/images/M/MV5BMmIwZDMyYWUtNTU0ZS00ODJhLTg2ZmEtMTk5ZmYzODcxODYxXkEyXkFqcGdeQXVyMTEyMjM2NDc2._V1_.jpg
Casino,Movie,1995,8.2,571015,178.0,R,"['Crime', 'Drama']","In Las Vegas, two best friends - a casino executive and a mafia enforcer - compete for a gambling empire and a fast-living, fast-loving socialite.",https://m.media-amazon.com/images/M/MV5BMTcxOWYzNDYtYmM4YS00N2NkLTk0NTAtNjg1ODgwZjAxYzI3XkEyXkFqcGdeQXVyNTA4NzY1MzY@._V1_.jpg
Jurassic Park,Movie,1993,8.2,1081396,127.0,PG-13,"['Action', 'Adventure', 'Sci-Fi']","An industrialist invites some experts to visit his theme park of cloned dinosaurs. After a power failure, the creatures run loose, putting everyone's lives, including his grandchildren's, in danger.",https://m.media-amazon.com/images/M/MV5BMjM2MDgxMDg0Nl5BMl5BanBnXkFtZTgwNTM2OTM5NDE@._V1_.jpg
Ran,Movie,1985,8.2,137922,160.0,R,"['Action', 'Drama', 'War']","In Medieval Japan, an elderly warlord retires, handing over his empire to his three sons. However, he vastly underestimates how the new-found power will corrupt them and cause them to turn on each other...and him.",https://m.media-amazon.com/images/M/MV5BMmU1NGYwZWYtOWExNi00ZTEyLTgwMmUtM2ZlMDVjNWM4YjVlXkEyXkFqcGdeQXVyMjUzOTY1NTc@._V1_.jpg
The Sixth Sense,Movie,1999,8.2,1064191,107.0,PG-13,"['Drama', 'Mystery', 'Thriller']","Malcolm Crowe, a child psychologist, starts treating a young boy, Cole, who encounters dead people and convinces him to help them. In turn, Cole helps Malcolm reconcile with his estranged wife.",https://m.media-amazon.com/images/M/MV5BMWM4NTFhYjctNzUyNi00NGMwLTk3NTYtMDIyNTZmMzRlYmQyXkEyXkFqcGdeQXVyMTAwMzUyOTc@._V1_.jpg
El laberinto del fauno,Movie,2006,8.2,708222,118.0,R,"['Drama', 'Fantasy', 'War']","In the Falangist Spain of 1944, the bookish young stepdaughter of a sadistic army officer escapes into an eerie but captivating fantasy world.",https://m.media-amazon.com/images/M/MV5BYzFjMThiMGItOWRlMC00MDI4LThmOGUtYTNlZGZiYWI1YjMyXkEyXkFqcGdeQXVyMjUzOTY1NTc@._V1_.jpg
Unforgiven,Movie,1992,8.2,440393,130.0,R,"['Drama', 'Western']","Retired Old West gunslinger William Munny reluctantly takes on one last job, with the help of his old partner Ned Logan and a young man, The ""Schofield Kid.""",https://m.media-amazon.com/images/M/MV5BODM3YWY4NmQtN2Y3Ni00OTg0LWFhZGQtZWE3ZWY4MTJlOWU4XkEyXkFqcGdeQXVyNjU0OTQ0OTY@._V1_.jpg
No Country for Old Men,Movie,2007,8.2,1076094,122.0,R,"['Crime', 'Drama', 'Thriller']",Violence and mayhem ensue after a hunter stumbles upon the aftermath of a drug deal gone wrong and over two million dollars in cash near the Rio Grande.,https://m.media-amazon.com/images/M/MV5BMjA5Njk3MjM4OV5BMl5BanBnXkFtZTcwMTc5MTE1MQ@@._V1_.jpg
The Thing,Movie,1982,8.2,473874,109.0,R,"['Horror', 'Mystery', 'Sci-Fi']",A research team in Antarctica is hunted by a shape-shifting alien that assumes the appearance of its victims.,https://m.media-amazon.com/images/M/MV5BNGViZWZmM2EtNGYzZi00ZDAyLTk3ODMtNzIyZTBjN2Y1NmM1XkEyXkFqcGdeQXVyNTAyODkwOQ@@._V1_.jpg
A Beautiful Mind,Movie,2001,8.2,996240,135.0,PG-13,"['Biography', 'Drama', 'Mystery']","A mathematical genius, John Nash made an astonishing discovery early in his career and stood on the brink of international acclaim. But the handsome and arrogant Nash soon found himself on a harrowing journey of self-discovery.",https://m.media-amazon.com/images/M/MV5BMzcwYWFkYzktZjAzNC00OGY1LWI4YTgtNzc5MzVjMDVmNjY0XkEyXkFqcGdeQXVyMTQxNzMzNDI@._V1_.jpg
Kill Bill: Vol. 1,Movie,2003,8.2,1209603,111.0,R,"['Action', 'Crime', 'Thriller']","A pregnant assassin, code-named The Bride, goes into a coma for four years after her ex-boss Bill brutally attacks her. When she wakes up, she sets out to seek revenge on him and his associates.",https://m.media-amazon.com/images/M/MV5BNzM3NDFhYTAtYmU5Mi00NGRmLTljYjgtMDkyODQ4MjNkMGY2XkEyXkFqcGdeQXVyNzkwMjQ5NzM@._V1_.jpg
The Treasure of the Sierra Madre,Movie,1948,8.2,133531,126.0,Approved,"['Adventure', 'Drama', 'Western']",Two down-on-their-luck Americans searching for work in 1920s Mexico convince an old prospector to help them mine for gold in the Sierra Madre Mountains.,https://m.media-amazon.com/images/M/MV5BOTJlZWMxYzEtMjlkMS00ODE0LThlM2ItMDI3NGQ2YjhmMzkxXkEyXkFqcGdeQXVyMDI2NDg0NQ@@._V1_.jpg
Yôjinbô,Movie,1961,8.2,132865,110.0,Not Rated,"['Action', 'Drama', 'Thriller']",A crafty ronin comes to a town divided by two criminal gangs and decides to play them against each other to free the town.,https://m.media-amazon.com/images/M/MV5BZThiZjAzZjgtNDU3MC00YThhLThjYWUtZGRkYjc2ZWZlOTVjXkEyXkFqcGdeQXVyNTA4NzY1MzY@._V1_.jpg
The Great Escape,Movie,1963,8.2,261252,172.0,Approved,"['Adventure', 'Drama', 'Thriller']",Allied prisoners of war plan for several hundred of their men to escape from a German camp during World War II.,https://m.media-amazon.com/images/M/MV5BNzA2NmYxMWUtNzBlMC00MWM2LTkwNmQtYTFlZjQwODNhOWE0XkEyXkFqcGdeQXVyNTIzOTk5ODM@._V1_.jpg
Monty Python and the Holy Grail,Movie,1975,8.2,574787,91.0,PG,"['Adventure', 'Comedy', 'Fantasy']","King Arthur and his Knights of the Round Table embark on a surreal, low-budget search for the Holy Grail, encountering many, very silly obstacles.",https://m.media-amazon.com/images/M/MV5BN2IyNTE4YzUtZWU0Mi00MGIwLTgyMmQtMzQ4YzQxYWNlYWE2XkEyXkFqcGdeQXVyNjU0OTQ0OTY@._V1_.jpg
Finding Nemo,Movie,2003,8.2,1125154,100.0,G,"['Animation', 'Adventure', 'Comedy']","After his son is captured in the Great Barrier Reef and taken to Sydney, a timid clownfish sets out on a journey to bring him home.",https://m.media-amazon.com/images/M/MV5BMTc5NjExNTA5OV5BMl5BanBnXkFtZTYwMTQ0ODY2._V1_.jpg
Prisoners,Movie,2013,8.2,824910,153.0,R,"['Crime', 'Drama', 'Mystery']","When Keller Dover's daughter and her friend go missing, he takes matters into his own hands as the police pursue multiple leads and the pressure mounts.",https://m.media-amazon.com/images/M/MV5BMTg0NTIzMjQ1NV5BMl5BanBnXkFtZTcwNDc3MzM5OQ@@._V1_.jpg
Hauru no ugoku shiro,Movie,2004,8.2,458542,119.0,PG,"['Animation', 'Adventure', 'Family']","When an unconfident young woman is cursed with an old body by a spiteful witch, her only chance of breaking the spell lies with a self-indulgent yet insecure young wizard and his companions in his legged, walking castle.",https://m.media-amazon.com/images/M/MV5BMTY1OTg0MjE3MV5BMl5BanBnXkFtZTcwNTUxMTkyMQ@@._V1_.jpg
Rashômon,Movie,1950,8.2,182748,88.0,Not Rated,"['Crime', 'Drama', 'Mystery']","The rape of a bride and the murder of her samurai husband are recalled from the perspectives of a bandit, the bride, the samurai's ghost and a woodcutter.",https://m.media-amazon.com/images/M/MV5BMjEzMzA4NDE2OF5BMl5BanBnXkFtZTcwNTc5MDI2NQ@@._V1_.jpg
The Elephant Man,Movie,1980,8.2,260928,124.0,PG,"['Biography', 'Drama']","A Victorian surgeon rescues a heavily disfigured man who is mistreated while scraping a living as a side-show freak. Behind his monstrous façade, there is revealed a person of kindness, intelligence and sophistication.",https://m.media-amazon.com/images/M/MV5BMDVjNjIwOGItNDE3Ny00OThjLWE0NzQtZTU3YjMzZTZjMzhkXkEyXkFqcGdeQXVyMTQxNzMzNDI@._V1_.jpg
Dial M for Murder,Movie,1954,8.2,191061,105.0,PG,"['Crime', 'Thriller']",A former tennis star arranges the murder of his adulterous wife.,https://m.media-amazon.com/images/M/MV5BOWIwODIxYWItZDI4MS00YzhhLWE3MmYtMzlhZDIwOTMzZmE5L2ltYWdlXkEyXkFqcGdeQXVyNjc1NTYyMjg@._V1_.jpg
Chinatown,Movie,1974,8.1,354133,130.0,R,"['Drama', 'Mystery', 'Thriller']","A private detective hired to expose an adulterer in 1930s Los Angeles finds himself caught up in a web of deceit, corruption, and murder.",https://m.media-amazon.com/images/M/MV5BMjJkMDZhYzItZTFhMi00ZGI4LThlNTAtZDNlYmEwNjFkNDYzXkEyXkFqcGdeQXVyMjUzOTY1NTc@._V1_.jpg
Gone with the Wind,Movie,1939,8.2,337203,238.0,G,"['Drama', 'Romance', 'War']",A sheltered and manipulative Southern belle and a roguish profiteer face off in a turbulent romance as the society around them crumbles with the end of slavery and is rebuilt during the Civil War and Reconstruction periods.,https://m.media-amazon.com/images/M/MV5BYjUyZWZkM2UtMzYxYy00ZmQ3LWFmZTQtOGE2YjBkNjA3YWZlXkEyXkFqcGdeQXVyNzkwMjQ5NzM@._V1_.jpg
"Lock, Stock and Two Smoking Barrels",Movie,1998,8.1,621240,107.0,R,"['Action', 'Comedy', 'Crime']","Eddy persuades his three pals to pool money for a vital poker game against a powerful local mobster, Hatchet Harry. Eddy loses, after which Harry gives him a week to pay back 500,000 pounds.",https://m.media-amazon.com/images/M/MV5BMTAyN2JmZmEtNjAyMy00NzYwLThmY2MtYWQ3OGNhNjExMmM4XkEyXkFqcGdeQXVyNDk3NzU2MTQ@._V1_.jpg
V for Vendetta,Movie,2005,8.1,1188478,132.0,R,"['Action', 'Drama', 'Sci-Fi']","In a future British dystopian society, a shadowy freedom fighter, known only by the alias of ""V"", plots to overthrow the tyrannical government - with the help of a young woman.",https://m.media-amazon.com/images/M/MV5BOTI5ODc3NzExNV5BMl5BanBnXkFtZTcwNzYxNzQzMw@@._V1_.jpg
El secreto de sus ojos,Movie,2009,8.2,224654,129.0,R,"['Drama', 'Mystery', 'Romance']",A retired legal counselor writes a novel hoping to find closure for one of his past unresolved homicide cases and for his unreciprocated love with his superior - both of which still haunt him decades later.,https://m.media-amazon.com/images/M/MV5BMTgwNTI3OTczOV5BMl5BanBnXkFtZTcwMTM3MTUyMw@@._V1_.jpg
Inside Out,Movie,2015,8.1,819422,95.0,PG,"['Animation', 'Adventure', 'Comedy']","After young Riley is uprooted from her Midwest life and moved to San Francisco, her emotions - Joy, Fear, Anger, Disgust and Sadness - conflict on how best to navigate a new city, house, and school.",https://m.media-amazon.com/images/M/MV5BOTgxMDQwMDk0OF5BMl5BanBnXkFtZTgwNjU5OTg2NDE@._V1_.jpg
Raging Bull,Movie,1980,8.1,383961,129.0,R,"['Biography', 'Drama', 'Sport']","The life of boxer Jake LaMotta, whose violence and temper that led him to the top in the ring destroyed his life outside of it.",https://m.media-amazon.com/images/M/MV5BYjRmODkzNDItMTNhNi00YjJlLTg0ZjAtODlhZTM0YzgzYThlXkEyXkFqcGdeQXVyNzQ1ODk3MTQ@._V1_.jpg
"Three Billboards Outside Ebbing, Missouri",Movie,2017,8.1,561584,115.0,R,"['Comedy', 'Crime', 'Drama']",A mother personally challenges the local authorities to solve her daughter's murder when they fail to catch the culprit.,https://m.media-amazon.com/images/M/MV5BMjI0ODcxNzM1N15BMl5BanBnXkFtZTgwMzIwMTEwNDI@._V1_.jpg
Trainspotting,Movie,1996,8.1,732072,93.0,R,['Drama'],"Renton, deeply immersed in the Edinburgh drug scene, tries to clean up and get out despite the allure of drugs and the influence of friends.",https://m.media-amazon.com/images/M/MV5BMzA5Zjc3ZTMtMmU5YS00YTMwLWI4MWUtYTU0YTVmNjVmODZhXkEyXkFqcGdeQXVyNjU0OTQ0OTY@._V1_.jpg
The Bridge on the River Kwai,Movie,1957,8.1,235497,161.0,PG,"['Adventure', 'Drama', 'War']","British POWs are forced to build a railway bridge across the river Kwai for their Japanese captors in occupied Burma, not knowing that the allied forces are planning a daring commando raid through the jungle to destroy it.",https://m.media-amazon.com/images/M/MV5BOGY5NmNlMmQtYzRlYy00NGQ5LWFkYjYtNzExZmQyMTg0ZDA0XkEyXkFqcGdeQXVyNDIzMzcwNjc@._V1_.jpg
Klaus,Movie,2019,8.2,193300,96.0,PG,"['Animation', 'Adventure', 'Comedy']","A simple act of kindness always sparks another, even in a frozen, faraway place. When Smeerensburg's new postman, Jesper, befriends toymaker Klaus, their gifts melt an age-old feud and deliver a sleigh full of holiday traditions.",https://m.media-amazon.com/images/M/MV5BMWYwOThjM2ItZGYxNy00NTQwLWFlZWEtM2MzM2Q5MmY3NDU5XkEyXkFqcGdeQXVyMTkxNjUyNQ@@._V1_.jpg
Catch Me If You Can,Movie,2002,8.1,1113232,141.0,PG-13,"['Biography', 'Crime', 'Drama']","Barely 17 yet, Frank is a skilled forger who has passed as a doctor, lawyer and pilot. FBI agent Carl becomes obsessed with tracking down the con man, who only revels in the pursuit.",https://m.media-amazon.com/images/M/MV5BMTY5MzYzNjc5NV5BMl5BanBnXkFtZTYwNTUyNTc2._V1_.jpg
Fargo,Movie,1996,8.1,733553,98.0,R,"['Crime', 'Thriller']",Minnesota car salesman Jerry Lundegaard's inept crime falls apart due to his and his henchmen's bungling and the persistent police work of the quite pregnant Marge Gunderson.,https://m.media-amazon.com/images/M/MV5BNDJiZDgyZjctYmRjMS00ZjdkLTkwMTEtNGU1NDg3NDQ0Yzk1XkEyXkFqcGdeQXVyNzkwMjQ5NzM@._V1_.jpg
Warrior,Movie,2011,8.1,501923,140.0,PG-13,"['Action', 'Drama', 'Sport']","The youngest son of an alcoholic former boxer returns home, where he's trained by his father for competition in a mixed martial arts tournament - a path that puts the fighter on a collision course with his estranged, older brother.",https://m.media-amazon.com/images/M/MV5BMTk4ODk5MTMyNV5BMl5BanBnXkFtZTcwMDMyNTg0Ng@@._V1_.jpg
Spider-Man: No Way Home,Movie,2021,8.2,898883,148.0,PG-13,"['Action', 'Adventure', 'Fantasy']","With Spider-Man's identity now revealed, Peter asks Doctor Strange for help. When a spell goes wrong, dangerous foes from other worlds start to appear.",https://m.media-amazon.com/images/M/MV5BZjI5NmFmOWUtZWY0ZS00NTc5LWE0YjgtMjk3YmNiM2EwM2U4XkEyXkFqcGdeQXVyMTA1NjE5MTAz._V1_.jpg
Gran Torino,Movie,2008,8.1,821142,116.0,R,['Drama'],"After a Hmong teenager tries to steal his prized 1972 Gran Torino, a disgruntled, prejudiced Korean War veteran seeks to redeem both the boy and himself.",https://m.media-amazon.com/images/M/MV5BMTc5NTk2OTU1Nl5BMl5BanBnXkFtZTcwMDc3NjAwMg@@._V1_.jpg
Harry Potter and the Deathly Hallows - Part 2,Movie,2011,8.1,960085,130.0,PG-13,"['Adventure', 'Family', 'Fantasy']","Harry, Ron, and Hermione search for Voldemort's remaining Horcruxes in their effort to destroy the Dark Lord as the final battle rages on at Hogwarts.",https://m.media-amazon.com/images/M/MV5BMGVmMWNiMDktYjQ0Mi00MWIxLTk0N2UtN2ZlYTdkN2IzNDNlXkEyXkFqcGdeQXVyODE5NzE3OTE@._V1_.jpg
Million Dollar Baby,Movie,2004,8.1,727631,132.0,PG-13,"['Drama', 'Sport']","Frankie, an ill-tempered old coach, reluctantly agrees to train aspiring boxer Maggie. Impressed with her determination and talent, he helps her become the best and the two soon form a close bond.",https://m.media-amazon.com/images/M/MV5BMTkxNzA1NDQxOV5BMl5BanBnXkFtZTcwNTkyMTIzMw@@._V1_.jpg
Tonari no Totoro,Movie,1988,8.1,387581,86.0,G,"['Animation', 'Comedy', 'Family']","When two girls move to the country to be near their ailing mother, they have adventures with the wondrous forest spirits who live nearby.",https://m.media-amazon.com/images/M/MV5BMmVlYWU0ZTUtMTE4Yi00MDA2LTgzNzQtMWEyZWJkNDg5NGE2L2ltYWdlXkEyXkFqcGdeQXVyMzgxODM4NjM@._V1_.jpg
Bacheha-Ye aseman,Movie,1997,8.2,81943,89.0,PG,"['Drama', 'Family', 'Sport']","After a boy loses his sister's pair of shoes, he goes on a series of adventures in order to find them. When he can't, he tries a new way to ""win"" a new pair.",https://m.media-amazon.com/images/M/MV5BZTYwZWQ4ZTQtZWU0MS00N2YwLWEzMDItZWFkZWY0MWVjODVhXkEyXkFqcGdeQXVyNjU0OTQ0OTY@._V1_.jpg
Mad Max: Fury Road,Movie,2015,8.1,1122924,120.0,R,"['Action', 'Adventure', 'Sci-Fi']","In a post-apocalyptic wasteland, a woman rebels against a tyrannical ruler in search for her homeland with the aid of a group of female prisoners, a psychotic worshipper and a drifter named Max.",https://m.media-amazon.com/images/M/MV5BN2EwM2I5OWMtMGQyMi00Zjg1LWJkNTctZTdjYTA4OGUwZjMyXkEyXkFqcGdeQXVyMTMxODk2OTU@._V1_.jpg
12 Years a Slave,Movie,2013,8.1,747114,134.0,R,"['Biography', 'Drama', 'History']","In the antebellum United States, Solomon Northup, a free black man from upstate New York, is abducted and sold into slavery.",https://m.media-amazon.com/images/M/MV5BMjExMTEzODkyN15BMl5BanBnXkFtZTcwNTU4NTc4OQ@@._V1_.jpg
Ben-Hur,Movie,1959,8.1,255755,212.0,G,"['Adventure', 'Drama']","After a Jewish prince is betrayed and sent into slavery by a Roman friend in 1st-century Jerusalem, he regains his freedom and comes back for revenge.",https://m.media-amazon.com/images/M/MV5BNjgxY2JiZDYtZmMwOC00ZmJjLWJmODUtMTNmNWNmYWI5ODkwL2ltYWdlL2ltYWdlXkEyXkFqcGdeQXVyNjc1NTYyMjg@._V1_.jpg
Before Sunrise,Movie,1995,8.1,344709,101.0,R,"['Drama', 'Romance']","A young man and woman meet on a train in Europe, and wind up spending one evening together in Vienna. Unfortunately, both know that this will probably be their only night together.",https://m.media-amazon.com/images/M/MV5BZDdiZTAwYzAtMDI3Ni00OTRjLTkzN2UtMGE3MDMyZmU4NTU4XkEyXkFqcGdeQXVyNjU0OTQ0OTY@._V1_.jpg
Barry Lyndon,Movie,1975,8.1,185469,185.0,PG,"['Adventure', 'Drama', 'War']",An Irish rogue wins the heart of a rich widow and assumes her dead husband's aristocratic position in 18th-century England.,https://m.media-amazon.com/images/M/MV5BNmY0MWY2NDctZDdmMi00MjA1LTk0ZTQtZDMyZTQ1NTNlYzVjXkEyXkFqcGdeQXVyMjUzOTY1NTc@._V1_.jpg
Blade Runner,Movie,1982,8.1,830812,117.0,R,"['Action', 'Drama', 'Sci-Fi']",A blade runner must pursue and terminate four replicants who stole a ship in space and have returned to Earth to find their creator.,https://m.media-amazon.com/images/M/MV5BNzQzMzJhZTEtOWM4NS00MTdhLTg0YjgtMjM4MDRkZjUwZDBlXkEyXkFqcGdeQXVyNjU0OTQ0OTY@._V1_.jpg
The Grand Budapest Hotel,Movie,2014,8.1,896739,99.0,R,"['Adventure', 'Comedy', 'Crime']","A writer encounters the owner of an aging high-class hotel, who tells him of his early years serving as a lobby boy in the hotel's glorious years under an exceptional concierge.",https://m.media-amazon.com/images/M/MV5BMzM5NjUxOTEyMl5BMl5BanBnXkFtZTgwNjEyMDM0MDE@._V1_.jpg
Hacksaw Ridge,Movie,2016,8.1,605919,139.0,R,"['Biography', 'Drama', 'History']","World War II American Army Medic Desmond T. Doss, serving during the Battle of Okinawa, refuses to kill people and becomes the first man in American history to receive the Medal of Honor without firing a shot.",https://m.media-amazon.com/images/M/MV5BMjQ1NjM3MTUxNV5BMl5BanBnXkFtZTgwMDc5MTY5OTE@._V1_.jpg
Gone Girl,Movie,2014,8.1,1081816,149.0,R,"['Drama', 'Mystery', 'Thriller']","With his wife's disappearance having become the focus of an intense media circus, a man sees the spotlight turned on him when it's suspected that he may not be innocent.",https://m.media-amazon.com/images/M/MV5BMTk0MDQ3MzAzOV5BMl5BanBnXkFtZTgwNzU1NzE3MjE@._V1_.jpg
Dead Poets Society,Movie,1989,8.1,556215,128.0,PG,"['Comedy', 'Drama']","Maverick teacher John Keating returns in 1959 to the prestigious New England boys' boarding school where he was once a star student, using poetry to embolden his pupils to new heights of self-expression.",https://m.media-amazon.com/images/M/MV5BOGYwYWNjMzgtNGU4ZC00NWQ2LWEwZjUtMzE1Zjc3NjY3YTU1XkEyXkFqcGdeQXVyMTQxNzMzNDI@._V1_.jpg
Salinui chueok,Movie,2003,8.1,221989,131.0,Not Rated,"['Crime', 'Drama', 'Mystery']","In a small Korean province in 1986, two detectives struggle with the case of multiple young women being found raped and murdered by an unknown culprit.",https://m.media-amazon.com/images/M/MV5BOGViNTg4YTktYTQ2Ni00MTU0LTk2NWUtMTI4OTc1YTM0NzQ2XkEyXkFqcGdeQXVyMDM2NDM2MQ@@._V1_.jpg
In the Name of the Father,Movie,1993,8.1,188850,133.0,R,"['Biography', 'Crime', 'Drama']","An Irish man's coerced confession to an I.R.A. bombing he did not commit results in the imprisonment of his father as well. Meanwhile, a British lawyer fights to clear their names and free them.",https://m.media-amazon.com/images/M/MV5BMmYyOTgwYWItYmU3Ny00M2E2LTk0NWMtMDVlNmQ0MWZiMTMxXkEyXkFqcGdeQXVyNzkwMjQ5NzM@._V1_.jpg
The Gold Rush,Movie,1925,8.1,119764,95.0,Approved,"['Adventure', 'Comedy', 'Drama']","A prospector goes to the Klondike during the 1890s gold rush in hopes of making his fortune, and is smitten with a girl he sees in a dance hall.",https://m.media-amazon.com/images/M/MV5BMDA3NmE2OTYtZWQ1Zi00OGI2LTk5NjctNThhNGJjYTI1NzRlXkEyXkFqcGdeQXVyNjc5NjEzNA@@._V1_.jpg
"Monsters, Inc.",Movie,2001,8.1,991809,92.0,G,"['Animation', 'Adventure', 'Comedy']","In order to power the city, monsters have to scare children so that they scream. However, the children are toxic to the monsters, and after a child gets through, two monsters realize things may not be what they think.",https://m.media-amazon.com/images/M/MV5BMTY1NTI0ODUyOF5BMl5BanBnXkFtZTgwNTEyNjQ0MDE@._V1_.jpg
Relatos salvajes,Movie,2014,8.1,219306,122.0,R,"['Comedy', 'Drama', 'Thriller']",Six short stories that explore the extremities of human behavior involving people in distress.,https://m.media-amazon.com/images/M/MV5BNzAzMjA1ODAxOV5BMl5BanBnXkFtZTgwODg4NTQzNDE@._V1_.jpg
The Deer Hunter,Movie,1978,8.1,365665,183.0,R,"['Drama', 'War']",An in-depth examination of the ways in which the Vietnam War impacts and disrupts the lives of several friends in a small steel mill town in Pennsylvania.,https://m.media-amazon.com/images/M/MV5BNDhmNTA0ZDMtYjhkNS00NzEzLWIzYTItOGNkMTVmYjE2YmI3XkEyXkFqcGdeQXVyNzkwMjQ5NzM@._V1_.jpg
The General,Movie,1926,8.1,99160,78.0,Passed,"['Action', 'Adventure', 'Comedy']","After being rejected by the Confederate military, not realizing it was due to his crucial civilian role, an engineer must single-handedly recapture his beloved locomotive after it is seized by Union spies and return it through enemy lines.",https://m.media-amazon.com/images/M/MV5BYmRiMDFlYjYtOTMwYy00OGY2LWE0Y2QtYzQxOGNhZmUwNTIxXkEyXkFqcGdeQXVyNzkwMjQ5NzM@._V1_.jpg
Jaws,Movie,1975,8.1,670194,124.0,PG,"['Adventure', 'Drama', 'Thriller']","When a killer shark unleashes chaos on a beach community off Cape Cod, it's up to a local sheriff, a marine biologist, and an old seafarer to hunt the beast down.",https://m.media-amazon.com/images/M/MV5BMmVmODY1MzEtYTMwZC00MzNhLWFkNDMtZjAwM2EwODUxZTA5XkEyXkFqcGdeQXVyNTAyODkwOQ@@._V1_.jpg
On the Waterfront,Movie,1954,8.1,166902,108.0,Approved,"['Crime', 'Drama', 'Thriller']","An ex-prize fighter turned New Jersey longshoreman struggles to stand up to his corrupt union bosses, including his older brother, as he starts to connect with the grieving sister of one of the syndicate's victims.",https://m.media-amazon.com/images/M/MV5BY2I0MWFiZDMtNWQyYy00Njk5LTk3MDktZjZjNTNmZmVkYjkxXkEyXkFqcGdeQXVyNjc1NTYyMjg@._V1_.jpg
Sherlock Jr.,Movie,1924,8.2,58128,45.0,Passed,"['Action', 'Comedy', 'Romance']","A film projectionist longs to be a detective, and puts his meagre skills to work when he is framed by a rival for stealing his girlfriend's father's pocketwatch.",https://m.media-amazon.com/images/M/MV5BZWFhOGU5NDctY2Q3YS00Y2VlLWI1NzEtZmIwY2ZiZjY4OTA2XkEyXkFqcGdeQXVyMDI2NDg0NQ@@._V1_.jpg
How to Train Your Dragon,Movie,2010,8.1,810879,98.0,PG,"['Animation', 'Action', 'Adventure']","A hapless young Viking who aspires to hunt dragons becomes the unlikely friend of a young dragon himself, and learns there may be more to the creatures than he assumed.",https://m.media-amazon.com/images/M/MV5BMjA5NDQyMjc2NF5BMl5BanBnXkFtZTcwMjg5ODcyMw@@._V1_.jpg
Ratatouille,Movie,2007,8.1,841493,111.0,G,"['Animation', 'Adventure', 'Comedy']",A rat who can cook makes an unusual alliance with a young kitchen worker at a famous Paris restaurant.,https://m.media-amazon.com/images/M/MV5BMTMzODU0NTkxMF5BMl5BanBnXkFtZTcwMjQ4MzMzMw@@._V1_.jpg
Mary and Max.,Movie,2009,8.1,188223,92.0,Not Rated,"['Animation', 'Comedy', 'Drama']","In 1976 Melbourne, a lonely 8-year-old girl strikes up a correspondence with an unlikely pen pal: a severely obese 44-year-old New Yorker with Asperger's syndrome.",https://m.media-amazon.com/images/M/MV5BMDgzYjQwMDMtNGUzYi00MTRmLWIyMGMtNjE1OGZkNzY2YWIzL2ltYWdlXkEyXkFqcGdeQXVyNjU0OTQ0OTY@._V1_.jpg
The Third Man,Movie,1949,8.1,183702,104.0,Approved,"['Film-Noir', 'Mystery', 'Thriller']","Pulp novelist Holly Martins travels to shadowy, postwar Vienna, only to find himself investigating the mysterious death of an old friend, Harry Lime.",https://m.media-amazon.com/images/M/MV5BYTc1YmM5ZjItZTE0Yy00MjYyLWFhODYtYmY2Y2U0MTViMWVhXkEyXkFqcGdeQXVyMTA1NTM1NDI2._V1_.jpg
Le salaire de la peur,Movie,1953,8.1,67403,131.0,Not Rated,"['Adventure', 'Drama', 'Thriller']","In a decrepit South American village, four men are hired to transport an urgent nitroglycerine shipment without the equipment that would make it safe.",https://m.media-amazon.com/images/M/MV5BZDdkNzMwZmUtY2Q5MS00ZmM2LWJhYjItYTBjMWY0MGM4MDRjXkEyXkFqcGdeQXVyNTA4NzY1MzY@._V1_.jpg
Smultronstället,Movie,1957,8.1,116250,91.0,Not Rated,"['Drama', 'Romance']","After living a life marked by coldness, an aging professor is forced to confront the emptiness of his existence.",https://m.media-amazon.com/images/M/MV5BYWQxYzdhMDMtNjAyZC00NzE0LWFjYmQtYjk0YzMyYjA5NzZkXkEyXkFqcGdeQXVyMjUzOTY1NTc@._V1_.jpg
Ford v Ferrari,Movie,2019,8.1,489714,152.0,PG-13,"['Action', 'Biography', 'Drama']",American car designer Carroll Shelby and driver Ken Miles battle corporate interference and the laws of physics to build a revolutionary race car for Ford in order to defeat Ferrari at the 24 Hours of Le Mans in 1966.,https://m.media-amazon.com/images/M/MV5BYzcyZDNlNDktOWRhYy00ODQ5LTg1ODQtZmFmZTIyMjg2Yjk5XkEyXkFqcGdeQXVyMTkxNjUyNQ@@._V1_.jpg
Mr. Smith Goes to Washington,Movie,1939,8.1,122454,129.0,Approved,"['Comedy', 'Drama']","A naive youth leader is appointed to fill a vacancy in the U.S. Senate. His idealistic plans promptly collide with corruption at home and subterfuge from his hero in Washington, but he tries to forge ahead despite attacks on his character.",https://m.media-amazon.com/images/M/MV5BZTYwYjYxYzgtMDE1Ni00NzU4LWJlMTEtODQ5YmJmMGJhZjI5L2ltYWdlXkEyXkFqcGdeQXVyMDI2NDg0NQ@@._V1_.jpg
Maharaja,Movie,2024,8.6,36345,150.0,,"['Action', 'Crime', 'Drama']","A barber seeks vengeance after his home is burglarized, cryptically telling police his ""lakshmi"" has been taken, leaving them uncertain if it's a person or object. His quest to recover the elusive ""lakshmi"" unfolds.",https://m.media-amazon.com/images/M/MV5BOTFlMTIxOGItZTk0Zi00MTk2LWJiM2UtMzlhZWYzNjQ4N2Y3XkEyXkFqcGc@._V1_.jpg
Tôkyô monogatari,Movie,1953,8.1,69723,136.0,Not Rated,['Drama'],"An old couple visit their children and grandchildren in the city, but receive little attention.",https://m.media-amazon.com/images/M/MV5BM2E1ZmZlMDQtMDgzNi00MGVmLTgwMWMtYTc1MjkzOWJmOGIxXkEyXkFqcGdeQXVyMjgyNjk3MzE@._V1_.jpg
Rocky,Movie,1976,8.1,636246,120.0,PG,"['Drama', 'Sport']",A small-time Philadelphia boxer gets a supremely rare chance to fight the world heavyweight champion in a bout in which he strives to go the distance for his self-respect.,https://m.media-amazon.com/images/M/MV5BNTBkMjg2MjYtYTZjOS00ODQ0LTg0MDEtM2FiNmJmOGU1NGEwXkEyXkFqcGdeQXVyMjUzOTY1NTc@._V1_.jpg
Logan,Movie,2017,8.1,852225,137.0,R,"['Action', 'Drama', 'Sci-Fi']","In a future where mutants are nearly extinct, an elderly and weary Logan leads a quiet life. But when Laura, a mutant child pursued by scientists, comes to him for help, he must get her to safety.",https://m.media-amazon.com/images/M/MV5BYzc5MTU4N2EtYTkyMi00NjdhLTg3NWEtMTY4OTEyMzJhZTAzXkEyXkFqcGdeQXVyNjc1NTYyMjg@._V1_.jpg
The Big Lebowski,Movie,1998,8.1,868202,117.0,R,"['Comedy', 'Crime']","Jeff ""The Dude"" Lebowski, mistaken for a millionaire of the same name, seeks restitution for his ruined rug and enlists his bowling buddies to help get it.",https://m.media-amazon.com/images/M/MV5BMzliZDk0NjctNjhlOC00MWEyLWI3OWYtNjA5ZDYxMTMzNTc5XkEyXkFqcGdeQXVyNTAyODkwOQ@@._V1_.jpg
Det sjunde inseglet,Movie,1957,8.1,200836,96.0,Not Rated,"['Drama', 'Fantasy']","A knight returning to Sweden after the Crusades seeks answers about life, death, and the existence of God as he plays chess against the Grim Reaper during the Black Plague.",https://m.media-amazon.com/images/M/MV5BOWM3MmE0OGYtOGVlNC00OWE1LTk5ZTAtYmUwMDIwM2ZlNWJiXkEyXkFqcGdeQXVyMjUzOTY1NTc@._V1_.jpg
Room,Movie,2015,8.1,455308,118.0,R,"['Drama', 'Thriller']","A little boy is held captive in a room with his mother since his birth, so he has never known the world outside.",https://m.media-amazon.com/images/M/MV5BMjE4NzgzNzEwMl5BMl5BanBnXkFtZTgwMTMzMDE0NjE@._V1_.jpg
Spotlight,Movie,2015,8.1,506178,129.0,R,"['Biography', 'Crime', 'Drama']","The true story of how the Boston Globe uncovered the massive scandal of child molestation and cover-up within the local Catholic Archdiocese, shaking the entire Catholic Church to its core.",https://m.media-amazon.com/images/M/MV5BMjIyOTM5OTIzNV5BMl5BanBnXkFtZTgwMDkzODE2NjE@._V1_.jpg
The Terminator,Movie,1984,8.1,935062,107.0,R,"['Action', 'Adventure', 'Sci-Fi']","The Terminator, a cyborg assassin from the future, attempts to find and kill Sarah Connor, a waitress who is destined to give birth to a man who will save humankind from extinction.",https://m.media-amazon.com/images/M/MV5BYTViNzMxZjEtZGEwNy00MDNiLWIzNGQtZDY2MjQ1OWViZjFmXkEyXkFqcGdeQXVyNzkwMjQ5NzM@._V1_.jpg
Hotel Rwanda,Movie,2004,8.1,374646,121.0,PG-13,"['Biography', 'Drama', 'History']","Paul Rusesabagina, a hotel manager, houses over a thousand Tutsi refugees during their struggle against the Hutu militia in Rwanda, Africa.",https://m.media-amazon.com/images/M/MV5BZGJjYmIzZmQtNWE4Yy00ZGVmLWJkZGEtMzUzNmQ4ZWFlMjRhXkEyXkFqcGdeQXVyMTMxODk2OTU@._V1_.jpg
Platoon,Movie,1986,8.1,443896,120.0,R,"['Drama', 'War']","Chris Taylor, a neophyte recruit in Vietnam, finds himself caught in a battle of wills between two sergeants, one good and the other evil. A shrewd examination of the brutality of war and the duality of man in conflict.",https://m.media-amazon.com/images/M/MV5BMzRjZjdlMjQtODVkYS00N2YzLWJlYWYtMGVlN2E5MWEwMWQzXkEyXkFqcGdeQXVyMTQxNzMzNDI@._V1_.jpg
La haine,Movie,1995,8.1,200255,98.0,Not Rated,"['Crime', 'Drama']",24 hours in the lives of three young men in the French suburbs the day after a violent riot.,https://m.media-amazon.com/images/M/MV5BOTQxOGU0OWUtMzExYy00ZjIxLWJmMzAtNTI1Y2YxYTMxN2RkXkEyXkFqcGdeQXVyMjUzOTY1NTc@._V1_.jpg
Before Sunset,Movie,2004,8.1,291740,80.0,R,"['Drama', 'Romance']","Nine years after Jesse and Celine first met, they encounter each other again on the French leg of Jesse's book tour.",https://m.media-amazon.com/images/M/MV5BMTQ1MjAwNTM5Ml5BMl5BanBnXkFtZTYwNDM0MTc3._V1_.jpg
Pirates of the Caribbean: The Curse of the Black Pearl,Movie,2003,8.1,1225357,143.0,PG-13,"['Action', 'Adventure', 'Fantasy']","Blacksmith Will Turner teams up with eccentric pirate ""Captain"" Jack Sparrow to save Elizabeth Swann, the governor's daughter and his love, from Jack's former pirate allies, who are now undead.",https://m.media-amazon.com/images/M/MV5BNGYyZGM5MGMtYTY2Ni00M2Y1LWIzNjQtYWUzM2VlNGVhMDNhXkEyXkFqcGdeQXVyMTMxODk2OTU@._V1_.jpg
La passion de Jeanne d'Arc,Movie,1928,8.1,61628,110.0,Passed,"['Biography', 'Drama', 'History']","In 1431, Jeanne d'Arc is placed on trial on charges of heresy. The ecclesiastical jurists attempt to force Jeanne to recant her claims of holy visions.",https://m.media-amazon.com/images/M/MV5BNjBjNDJiYTUtOWY0OS00OGVmLTg2YzctMTE0NzVhODM1ZWJmXkEyXkFqcGdeQXVyNjU0OTQ0OTY@._V1_.jpg
Jai Bhim,Movie,2021,8.7,219315,164.0,Approved,"['Crime', 'Drama', 'Mystery']","When a tribal man is arrested for a case of alleged theft, his wife turns to a human-rights lawyer to help bring justice.",https://m.media-amazon.com/images/M/MV5BNzFkM2FhMzQtYjUwZi00N2Y3LWFkZWItMmZmMjQxNGQwZmNhXkEyXkFqcGdeQXVyODEyNjEwMDk@._V1_.jpg
The Best Years of Our Lives,Movie,1946,8.1,71451,170.0,Approved,"['Drama', 'Romance', 'War']","Three World War II veterans, two of them traumatized or disabled, return home to the American midwest to discover that they and their families have been irreparably changed.",https://m.media-amazon.com/images/M/MV5BY2RmNTRjYzctODI4Ni00MzQyLWEyNTAtNjU0N2JkMTNhNjJkXkEyXkFqcGdeQXVyNjU0OTQ0OTY@._V1_.jpg
The Exorcist,Movie,1973,8.1,460810,122.0,R,['Horror'],"When a mysterious entity possesses a young girl, her mother seeks the help of two Catholic priests to save her life.",https://m.media-amazon.com/images/M/MV5BYWFlZGY2NDktY2ZjOS00ZWNkLTg0ZDAtZDY4MTM1ODU4ZjljXkEyXkFqcGdeQXVyMjUzOTY1NTc@._V1_.jpg
Rush,Movie,2013,8.1,519338,123.0,R,"['Action', 'Biography', 'Drama']","James Hunt and Niki Lauda, two extremely skilled Formula One racers, have an intense rivalry with each other. However, it is their enmity that pushes them to their limits.",https://m.media-amazon.com/images/M/MV5BOWEwODJmZDItYTNmZC00OGM4LThlNDktOTQzZjIzMGQxODA4XkEyXkFqcGdeQXVyNjU0OTQ0OTY@._V1_.jpg
Network,Movie,1976,8.1,172815,121.0,R,['Drama'],"A television network cynically exploits a deranged former anchor's ravings and revelations about the news media for its own profit, but finds that his message may be difficult to control.",https://m.media-amazon.com/images/M/MV5BNzY0NjU5ODUtOTAzMC00NTU5LWJkZjctYWMyOWY2MTZmOWM1XkEyXkFqcGdeQXVyMTI3ODAyMzE2._V1_.jpg
The Wizard of Oz,Movie,1939,8.1,432844,102.0,G,"['Adventure', 'Family', 'Fantasy']","Young Dorothy Gale and her dog Toto are swept away by a tornado from their Kansas farm to the magical Land of Oz and embark on a quest with three new friends to see the Wizard, who can return her to her home and fulfill the others' wishes.",https://m.media-amazon.com/images/M/MV5BY2NjNDU1ZjctN2VhZi00Nzc5LTljNmItMTZiOTg1ODkwYjgwXkEyXkFqcGdeQXVyNTkxMzEwMzU@._V1_.jpg
The Incredibles,Movie,2004,8.0,821359,115.0,PG,"['Animation', 'Action', 'Adventure']","While trying to lead a quiet suburban life, a family of undercover superheroes are forced into action to save the world.",https://m.media-amazon.com/images/M/MV5BMTY5OTU0OTc2NV5BMl5BanBnXkFtZTcwMzU4MDcyMQ@@._V1_.jpg
Stand by Me,Movie,1986,8.1,447451,89.0,R,"['Adventure', 'Comedy', 'Drama']",A writer recounts a childhood journey with his friends to find the body of a missing boy.,https://m.media-amazon.com/images/M/MV5BODJmY2Y2OGQtMDg2My00N2Q3LWJmZTUtYTc2ODBjZDVlNDlhXkEyXkFqcGdeQXVyMTQxNzMzNDI@._V1_.jpg
Hachi: A Dog's Tale,Movie,2009,8.1,315618,93.0,G,"['Biography', 'Drama', 'Family']","Professor Wilson discovers a lost Akita puppy on his way home. Despite objections from his wife, Hachi endears himself to the family and grows to be Parker's loyal companion. As their bond grows deeper, a beautiful relationship unfolds.",https://m.media-amazon.com/images/M/MV5BYmQzYjgyYzEtOTVhZC00MDRkLWJjNjItYzU3N2RiMTExZjA1XkEyXkFqcGdeQXVyMTcwOTQzOTYy._V1_.jpg
The Sound of Music,Movie,1965,8.1,264393,172.0,G,"['Biography', 'Drama', 'Family']",A young novice is sent by her convent in 1930s Austria to become a governess to the seven children of a widowed naval officer.,https://m.media-amazon.com/images/M/MV5BYThiZTY5MTAtODgwNS00OGNjLThjYzItOTcxYmYxMGY5MzBjXkEyXkFqcGdeQXVyNjc5NjEzNA@@._V1_.jpg
Ah-ga-ssi,Movie,2016,8.1,176704,145.0,Not Rated,"['Drama', 'Romance', 'Thriller']","In 1930s Korea, a girl is hired as a handmaiden to a Japanese heiress who lives a secluded life on a countryside estate. But the maid has a secret: She is a pickpocket recruited by a swindler to help seduce the Lady and steal her fortune.",https://m.media-amazon.com/images/M/MV5BNDJhYTk2MTctZmVmOS00OTViLTgxNjQtMzQxOTRiMDdmNGRjXkEyXkFqcGdeQXVyMTMxODk2OTU@._V1_.jpg
Babam ve Oglum,Movie,2005,8.2,93603,112.0,Not Rated,"['Drama', 'Family']",The family of a left-wing journalist is torn apart after the military coup of Turkey in 1980.,https://m.media-amazon.com/images/M/MV5BNzEzMWYyYjEtNmVjZS00YTAyLWIyOTgtMzEzNzQxMTQzZTgwXkEyXkFqcGdeQXVyMTA0MTM5NjI2._V1_.jpg
To Be or Not to Be,Movie,1942,8.1,43900,99.0,Approved,"['Comedy', 'Romance', 'War']","During the German occupation of Poland, an acting troupe becomes embroiled in a Polish soldier's efforts to track down a German spy.",https://m.media-amazon.com/images/M/MV5BYTIwNDcyMjktMTczMy00NDM5LTlhNDEtMmE3NGVjOTM2YjQ3XkEyXkFqcGdeQXVyNjc0MzMzNjA@._V1_.jpg
Into the Wild,Movie,2007,8.1,663228,148.0,R,"['Adventure', 'Biography', 'Drama']","After graduating from Emory University, top student and athlete Christopher McCandless abandons his possessions, gives his entire $24,000 savings account to charity and hitchhikes to Alaska to live in the wilderness.",https://m.media-amazon.com/images/M/MV5BNjQ0ODlhMWUtNmUwMS00YjExLWI4MjQtNjVmMmE2Y2E0MGRmXkEyXkFqcGdeQXVyNDk3NzU2MTQ@._V1_.jpg
La battaglia di Algeri,Movie,1966,8.1,66553,121.0,Not Rated,"['Drama', 'War']","In the 1950s, fear and violence escalate as the people of Algiers fight for independence from the French government.",https://m.media-amazon.com/images/M/MV5BN2M4YTA4ZTEtN2EyNy00YTlmLWE4YzYtYjYyYjRkMWM4ZDM0XkEyXkFqcGdeQXVyMjUzOTY1NTc@._V1_.jpg
Groundhog Day,Movie,1993,8.0,692528,101.0,PG,"['Comedy', 'Drama', 'Fantasy']","A narcissistic, self-centered weatherman finds himself in a time loop on Groundhog Day.",https://m.media-amazon.com/images/M/MV5BZWIxNzM5YzQtY2FmMS00Yjc3LWI1ZjUtNGVjMjMzZTIxZTIxXkEyXkFqcGdeQXVyNjU0OTQ0OTY@._V1_.jpg
The Grapes of Wrath,Movie,1940,8.1,100957,129.0,Approved,['Drama'],"An Oklahoma family, driven off their farm by the poverty and hopelessness of the Dust Bowl, joins the westward migration to California, suffering the misfortunes of the homeless in the Great Depression.",https://m.media-amazon.com/images/M/MV5BNzJiOGI2MjctYjUyMS00ZjkzLWE2ZmUtOTg4NTZkOTNhZDc1L2ltYWdlXkEyXkFqcGdeQXVyNjc1NTYyMjg@._V1_.jpg
The Iron Giant,Movie,1999,8.1,231740,86.0,PG,"['Animation', 'Action', 'Adventure']",A young boy befriends a giant robot from outer space that a paranoid government agent wants to destroy.,https://m.media-amazon.com/images/M/MV5BYzBjZTNkMzQtZmNkOC00Yzk0LTljMjktZjk3YWVlZjY3NTk2XkEyXkFqcGdeQXVyMTUzMDUzNTI3._V1_.jpg
Amores perros,Movie,2000,8.1,254871,154.0,R,"['Drama', 'Thriller']","An amateur dog fighter, a supermodel, and a derelict assassin, all separately struggling to find love, find their lives transformed by a devastating car wreck in Mexico City.",https://m.media-amazon.com/images/M/MV5BZjUxNmEwOGItMTBmYi00MWQ1LWExY2MtNDUxMjI0OWM4M2NiXkEyXkFqcGdeQXVyMjUzOTY1NTc@._V1_.jpg
Rebecca,Movie,1940,8.1,148289,130.0,Approved,"['Drama', 'Mystery', 'Romance']",A self-conscious woman juggles adjusting to her new role as an aristocrat's wife and avoiding being intimidated by his first wife's spectral presence.,https://m.media-amazon.com/images/M/MV5BOGVmYmZiYTItNjUyNy00NzE4LTlhYjctMWEwMzYxYzEyMjNiXkEyXkFqcGc@._V1_.jpg
Cool Hand Luke,Movie,1967,8.1,190246,127.0,Approved,"['Crime', 'Drama']","A laid-back Southern man is sentenced to two years in a rural prison, but refuses to conform.",https://m.media-amazon.com/images/M/MV5BNjcwNTQ3Y2EtMjdmZi00ODBhLWFhNzQtOTc3MWU5NTZlMDViXkEyXkFqcGdeQXVyMjUzOTY1NTc@._V1_.jpg
The Help,Movie,2011,8.1,498214,146.0,PG-13,['Drama'],"An aspiring author during the civil rights movement of the 1960s decides to write a book detailing the African American maids' point of view on the white families for which they work, and the hardships they go through on a daily basis.",https://m.media-amazon.com/images/M/MV5BMTM5OTMyMjIxOV5BMl5BanBnXkFtZTcwNzU4MjIwNQ@@._V1_.jpg
It Happened One Night,Movie,1934,8.1,113610,105.0,Approved,"['Comedy', 'Romance']",A rogue reporter trailing a runaway heiress for a big story joins her on a bus heading from Florida to New York and they end up stuck with each other when the bus leaves them behind at one of the stops along the way.,https://m.media-amazon.com/images/M/MV5BMDg5MmEwZjItODllOS00Yjc4LTk3NzItZWY4ODFlODQzZjJlXkEyXkFqcGdeQXVyNjc5NjEzNA@@._V1_.jpg
Aladdin,Movie,1992,8.0,474175,90.0,G,"['Animation', 'Adventure', 'Comedy']",A kind-hearted street urchin and a power-hungry Grand Vizier vie for a magic lamp that has the power to make their deepest wishes come true.,https://m.media-amazon.com/images/M/MV5BZTg5ZTVmM2EtZjdhZC00MzBjLWEwZTYtNWIwZDczYzZkMzA4XkEyXkFqcGdeQXVyMTQxNzMzNDI@._V1_.jpg
"Paris, Texas",Movie,1984,8.1,122262,145.0,R,['Drama'],"Travis Henderson, an aimless drifter who has been missing for four years, wanders out of the desert and must reconnect with society, himself, his life, and his family.",https://m.media-amazon.com/images/M/MV5BM2RjMmU3ZWItYzBlMy00ZmJkLWE5YzgtNTVkODdhOWM3NGZhXkEyXkFqcGdeQXVyNDA5Mjg5MjA@._V1_.jpg
Gangs of Wasseypur,Movie,2012,8.2,105046,321.0,Not Rated,"['Action', 'Comedy', 'Crime']","A clash between Sultan and Shahid Khan leads to the expulsion of Khan from Wasseypur, and ignites a deadly blood feud spanning three generations.",https://m.media-amazon.com/images/M/MV5BMTc5NjY4MjUwNF5BMl5BanBnXkFtZTgwODM3NzM5MzE@._V1_.jpg
